"249180010","PSZCZYNA","2023","12","01",-.4,"",.0,"8",.7,"",8.0,""
"249180010","PSZCZYNA","2023","12","02",-1.2,"",.0,"8",2.0,"",8.0,""
"249180010","PSZCZYNA","2023","12","03",-4.0,"",.0,"8",2.7,"",5.3,""
"249180010","PSZCZYNA","2023","12","04",-4.6,"",.0,"8",1.0,"",3.0,""
"249180010","PSZCZYNA","2023","12","05",-3.7,"",.0,"8",1.0,"",6.0,""
"249180010","PSZCZYNA","2023","12","06",-3.4,"",.0,"8",1.3,"",8.0,""
"249180010","PSZCZYNA","2023","12","07",-2.8,"",.0,"8",1.3,"",8.0,""
"249180010","PSZCZYNA","2023","12","08",-3.5,"",.0,"8",1.0,"",6.3,""
"249180010","PSZCZYNA","2023","12","09",-2.7,"",.0,"8",1.7,"",8.0,""
"249180010","PSZCZYNA","2023","12","10",-1.2,"",.0,"8",2.3,"",6.7,""
"249180010","PSZCZYNA","2023","12","11",3.9,"",.0,"8",2.3,"",5.0,""
"249180010","PSZCZYNA","2023","12","12",5.5,"",.0,"8",2.3,"",7.3,""
"249180010","PSZCZYNA","2023","12","13",3.5,"",.0,"8",1.0,"",8.0,""
"249180010","PSZCZYNA","2023","12","14",3.5,"",.0,"8",.7,"",8.0,""
"249180010","PSZCZYNA","2023","12","15",.9,"",.0,"8",1.7,"",7.3,""
"249180010","PSZCZYNA","2023","12","16",1.9,"",.0,"8",3.0,"",8.0,""
"249180010","PSZCZYNA","2023","12","17",4.3,"",.0,"8",4.7,"",4.3,""
"249180010","PSZCZYNA","2023","12","18",4.4,"",.0,"8",4.3,"",1.7,""
"249180010","PSZCZYNA","2023","12","19",7.4,"",.0,"8",3.7,"",2.0,""
"249180010","PSZCZYNA","2023","12","20",4.5,"",.0,"8",3.7,"",8.0,""
"249180010","PSZCZYNA","2023","12","21",5.4,"",.0,"8",4.3,"",8.0,""
"249180010","PSZCZYNA","2023","12","22",2.8,"",.0,"8",4.0,"",6.7,""
"249180010","PSZCZYNA","2023","12","23",.4,"",.0,"8",4.7,"",5.7,""
"249180010","PSZCZYNA","2023","12","24",2.8,"",.0,"8",2.7,"",6.3,""
"249180010","PSZCZYNA","2023","12","25",8.8,"",.0,"8",5.3,"",6.0,""
"249180010","PSZCZYNA","2023","12","26",9.8,"",.0,"8",5.3,"",6.0,""
"249180010","PSZCZYNA","2023","12","27",4.7,"",.0,"8",2.0,"",2.3,""
"249180010","PSZCZYNA","2023","12","28",5.1,"",.0,"8",2.7,"",3.0,""
"249180010","PSZCZYNA","2023","12","29",7.4,"",.0,"8",3.7,"",4.3,""
"249180010","PSZCZYNA","2023","12","30",5.3,"",.0,"8",3.3,"",4.3,""
"249180010","PSZCZYNA","2023","12","31",2.1,"",.0,"8",.7,"",3.7,""
"249180160","BRENNA","2023","12","01",-.7,"",.0,"8",1.3,"",8.0,""
"249180160","BRENNA","2023","12","02",-1.9,"",.0,"8",3.0,"",8.0,""
"249180160","BRENNA","2023","12","03",-4.2,"",.0,"8",1.0,"",6.0,""
"249180160","BRENNA","2023","12","04",-3.6,"",.0,"8",2.3,"",6.0,""
"249180160","BRENNA","2023","12","05",-3.4,"",.0,"8",1.3,"",7.0,""
"249180160","BRENNA","2023","12","06",-.8,"",.0,"8",.0,"",8.0,""
"249180160","BRENNA","2023","12","07",-2.7,"",.0,"8",.3,"",8.0,""
"249180160","BRENNA","2023","12","08",-2.8,"",.0,"8",1.3,"",4.0,""
"249180160","BRENNA","2023","12","09",-.5,"",.0,"8",4.7,"",7.7,""
"249180160","BRENNA","2023","12","10",1.7,"",.0,"8",3.3,"",7.3,""
"249180160","BRENNA","2023","12","11",4.2,"",.0,"8",5.7,"",6.3,""
"249180160","BRENNA","2023","12","12",5.5,"",.0,"8",3.3,"",6.7,""
"249180160","BRENNA","2023","12","13",4.4,"",.0,"8",1.3,"",7.3,""
"249180160","BRENNA","2023","12","14",3.6,"",.0,"8",.3,"",8.0,""
"249180160","BRENNA","2023","12","15",1.1,"",.0,"8",1.7,"",7.3,""
"249180160","BRENNA","2023","12","16",2.4,"",.0,"8",2.0,"",6.7,""
"249180160","BRENNA","2023","12","17",3.9,"",.0,"8",5.0,"",4.0,""
"249180160","BRENNA","2023","12","18",5.9,"",.0,"8",3.7,"",2.7,""
"249180160","BRENNA","2023","12","19",7.3,"",.0,"8",4.3,"",4.0,""
"249180160","BRENNA","2023","12","20",6.3,"",.0,"8",2.7,"",7.3,""
"249180160","BRENNA","2023","12","21",3.2,"",.0,"8",5.7,"",8.0,""
"249180160","BRENNA","2023","12","22",2.7,"",.0,"8",5.3,"",6.7,""
"249180160","BRENNA","2023","12","23",.0,"",.0,"8",5.0,"",8.0,""
"249180160","BRENNA","2023","12","24",3.7,"",.0,"8",3.3,"",7.3,""
"249180160","BRENNA","2023","12","25",9.8,"",.0,"8",4.7,"",6.3,""
"249180160","BRENNA","2023","12","26",9.6,"",.0,"8",4.7,"",5.7,""
"249180160","BRENNA","2023","12","27",4.2,"",.0,"8",1.3,"",3.3,""
"249180160","BRENNA","2023","12","28",7.2,"",.0,"8",4.0,"",4.0,""
"249180160","BRENNA","2023","12","29",8.7,"",.0,"8",3.0,"",6.0,""
"249180160","BRENNA","2023","12","30",7.8,"",.0,"8",2.7,"",4.7,""
"249180160","BRENNA","2023","12","31",5.6,"",.0,"8",4.3,"",2.3,""
"249190560","JAB£ONKA","2023","12","01",-2.2,"",.0,"8",.7,"",8.0,""
"249190560","JAB£ONKA","2023","12","02",-3.3,"",.0,"8",2.0,"",8.0,""
"249190560","JAB£ONKA","2023","12","03",-5.0,"",.0,"8",1.7,"",7.7,""
"249190560","JAB£ONKA","2023","12","04",-10.5,"",.0,"8",1.0,"",2.7,""
"249190560","JAB£ONKA","2023","12","05",-7.1,"",.0,"8",1.0,"",3.0,""
"249190560","JAB£ONKA","2023","12","06",-7.4,"",.0,"8",.0,"",8.0,""
"249190560","JAB£ONKA","2023","12","07",-3.3,"",.0,"8",.3,"",7.3,""
"249190560","JAB£ONKA","2023","12","08",-4.8,"",.0,"8",1.0,"",5.3,""
"249190560","JAB£ONKA","2023","12","09",-5.8,"",.0,"8",1.0,"",4.3,""
"249190560","JAB£ONKA","2023","12","10",-4.4,"",.0,"8",1.0,"",8.0,""
"249190560","JAB£ONKA","2023","12","11",1.9,"",.0,"8",1.3,"",7.3,""
"249190560","JAB£ONKA","2023","12","12",1.5,"",.0,"8",1.3,"",4.7,""
"249190560","JAB£ONKA","2023","12","13",.1,"",.0,"8",.3,"",8.0,""
"249190560","JAB£ONKA","2023","12","14",1.2,"",.0,"8",.3,"",8.0,""
"249190560","JAB£ONKA","2023","12","15",-.5,"",.0,"8",1.7,"",8.0,""
"249190560","JAB£ONKA","2023","12","16",-.6,"",.0,"8",.7,"",7.3,""
"249190560","JAB£ONKA","2023","12","17",1.6,"",.0,"8",1.3,"",3.7,""
"249190560","JAB£ONKA","2023","12","18",.8,"",.0,"8",1.0,"",1.7,""
"249190560","JAB£ONKA","2023","12","19",3.3,"",.0,"8",1.3,"",3.7,""
"249190560","JAB£ONKA","2023","12","20",2.6,"",.0,"8",1.7,"",5.7,""
"249190560","JAB£ONKA","2023","12","21",1.3,"",.0,"8",2.0,"",8.0,""
"249190560","JAB£ONKA","2023","12","22",.4,"",.0,"8",2.0,"",7.0,""
"249190560","JAB£ONKA","2023","12","23",-1.7,"",.0,"8",2.3,"",8.0,""
"249190560","JAB£ONKA","2023","12","24",.4,"",.0,"8",.7,"",8.0,""
"249190560","JAB£ONKA","2023","12","25",5.3,"",.0,"8",2.0,"",8.0,""
"249190560","JAB£ONKA","2023","12","26",6.4,"",.0,"8",2.3,"",8.0,""
"249190560","JAB£ONKA","2023","12","27",.7,"",.0,"8",1.3,"",3.0,""
"249190560","JAB£ONKA","2023","12","28",2.4,"",.0,"8",.7,"",2.7,""
"249190560","JAB£ONKA","2023","12","29",6.1,"",.0,"8",.7,"",6.7,""
"249190560","JAB£ONKA","2023","12","30",5.0,"",.0,"8",1.7,"",6.7,""
"249190560","JAB£ONKA","2023","12","31",-.2,"",.0,"8",1.0,"",4.7,""
"249190670","POLANA CHOCHO£OWSKA","2023","12","01",-2.2,"",.0,"8",.0,"",8.0,""
"249190670","POLANA CHOCHO£OWSKA","2023","12","02",-5.3,"",.0,"8",.0,"8",8.0,""
"249190670","POLANA CHOCHO£OWSKA","2023","12","03",-10.0,"",.0,"8",.0,"8",6.0,""
"249190670","POLANA CHOCHO£OWSKA","2023","12","04",-10.6,"",.0,"8",.0,"8",4.3,""
"249190670","POLANA CHOCHO£OWSKA","2023","12","05",-5.6,"",.0,"8",.0,"8",3.3,""
"249190670","POLANA CHOCHO£OWSKA","2023","12","06",-2.7,"",.0,"8",.0,"8",8.0,""
"249190670","POLANA CHOCHO£OWSKA","2023","12","07",-4.3,"",.0,"8",.0,"8",7.7,""
"249190670","POLANA CHOCHO£OWSKA","2023","12","08",-5.4,"",.0,"8",.0,"8",2.7,""
"249190670","POLANA CHOCHO£OWSKA","2023","12","09",-5.3,"",.0,"8",.0,"",4.7,""
"249190670","POLANA CHOCHO£OWSKA","2023","12","10",-2.1,"",.0,"8",1.0,"",8.0,""
"249190670","POLANA CHOCHO£OWSKA","2023","12","11",2.1,"",.0,"8",3.0,"",5.3,""
"249190670","POLANA CHOCHO£OWSKA","2023","12","12",-.2,"",.0,"8",1.0,"",4.7,""
"249190670","POLANA CHOCHO£OWSKA","2023","12","13",.4,"",.0,"8",.3,"",8.0,""
"249190670","POLANA CHOCHO£OWSKA","2023","12","14",.0,"",.0,"8",.3,"",8.0,""
"249190670","POLANA CHOCHO£OWSKA","2023","12","15",-3.1,"",.0,"8",.0,"8",8.0,""
"249190670","POLANA CHOCHO£OWSKA","2023","12","16",-3.1,"",.0,"8",.0,"8",5.7,""
"249190670","POLANA CHOCHO£OWSKA","2023","12","17",.7,"",.0,"8",.0,"8",3.0,""
"249190670","POLANA CHOCHO£OWSKA","2023","12","18",4.0,"",.0,"8",.3,"",.0,""
"249190670","POLANA CHOCHO£OWSKA","2023","12","19",5.9,"",.0,"8",1.3,"",5.3,""
"249190670","POLANA CHOCHO£OWSKA","2023","12","20",3.3,"",.0,"8",1.0,"",7.0,""
"249190670","POLANA CHOCHO£OWSKA","2023","12","21",.6,"",.0,"8",1.7,"",8.0,""
"249190670","POLANA CHOCHO£OWSKA","2023","12","22",-2.6,"",.0,"8",1.3,"",7.3,""
"249190670","POLANA CHOCHO£OWSKA","2023","12","23",-5.3,"",.0,"8",1.7,"",8.0,""
"249190670","POLANA CHOCHO£OWSKA","2023","12","24",-.2,"",.0,"8",1.3,"",8.0,""
"249190670","POLANA CHOCHO£OWSKA","2023","12","25",4.1,"",.0,"8",.0,"8",8.0,""
"249190670","POLANA CHOCHO£OWSKA","2023","12","26",5.1,"",.0,"8",.0,"8",6.7,""
"249190670","POLANA CHOCHO£OWSKA","2023","12","27",-.7,"",.0,"8",.3,"",4.0,""
"249190670","POLANA CHOCHO£OWSKA","2023","12","28",5.0,"",.0,"8",1.7,"",2.7,""
"249190670","POLANA CHOCHO£OWSKA","2023","12","29",5.7,"",.0,"8",2.3,"",6.0,""
"249190670","POLANA CHOCHO£OWSKA","2023","12","30",3.6,"",.0,"8",1.3,"",6.0,""
"249190670","POLANA CHOCHO£OWSKA","2023","12","31",1.9,"",.0,"8",1.7,"",5.3,""
"249190890","RADZIECHOWY","2023","12","01",-.9,"",95.8,"",1.0,"",8.0,""
"249190890","RADZIECHOWY","2023","12","02",-2.4,"",96.5,"",3.3,"",8.0,""
"249190890","RADZIECHOWY","2023","12","03",-4.5,"",89.5,"",2.0,"",7.3,""
"249190890","RADZIECHOWY","2023","12","04",-3.6,"",80.8,"",2.0,"",5.3,""
"249190890","RADZIECHOWY","2023","12","05",-3.4,"",74.0,"",2.0,"",5.3,""
"249190890","RADZIECHOWY","2023","12","06",-1.0,"",93.0,"",.3,"",8.0,""
"249190890","RADZIECHOWY","2023","12","07",-2.5,"",91.5,"",1.0,"",8.0,""
"249190890","RADZIECHOWY","2023","12","08",-6.4,"",80.3,"",.7,"",1.3,""
"249190890","RADZIECHOWY","2023","12","09",-1.9,"",80.0,"",3.3,"",6.0,""
"249190890","RADZIECHOWY","2023","12","10",.8,"",92.5,"",4.0,"",8.0,""
"249190890","RADZIECHOWY","2023","12","11",3.6,"",74.3,"",5.3,"",7.0,""
"249190890","RADZIECHOWY","2023","12","12",4.1,"",84.3,"",3.0,"",7.7,""
"249190890","RADZIECHOWY","2023","12","13",2.7,"",93.0,"",.3,"",8.0,""
"249190890","RADZIECHOWY","2023","12","14",3.2,"",100.0,"",1.7,"",8.0,""
"249190890","RADZIECHOWY","2023","12","15",.8,"",91.3,"",2.3,"",7.7,""
"249190890","RADZIECHOWY","2023","12","16",1.5,"",81.0,"",3.0,"",8.0,""
"249190890","RADZIECHOWY","2023","12","17",3.3,"",81.0,"",6.3,"",5.0,""
"249190890","RADZIECHOWY","2023","12","18",5.6,"",66.3,"",5.0,"",1.3,""
"249190890","RADZIECHOWY","2023","12","19",7.6,"",47.5,"",4.7,"",3.0,""
"249190890","RADZIECHOWY","2023","12","20",4.5,"",77.8,"",3.3,"",7.3,""
"249190890","RADZIECHOWY","2023","12","21",1.9,"",93.3,"",5.0,"",8.0,""
"249190890","RADZIECHOWY","2023","12","22",2.3,"",55.0,"",5.0,"",7.0,""
"249190890","RADZIECHOWY","2023","12","23",.3,"",88.8,"",3.7,"",8.0,""
"249190890","RADZIECHOWY","2023","12","24",2.0,"",95.8,"",3.3,"",8.0,""
"249190890","RADZIECHOWY","2023","12","25",8.1,"",81.0,"",3.3,"",8.0,""
"249190890","RADZIECHOWY","2023","12","26",8.7,"",75.8,"",4.0,"",8.0,""
"249190890","RADZIECHOWY","2023","12","27",3.9,"",68.0,"",2.7,"",4.7,""
"249190890","RADZIECHOWY","2023","12","28",6.6,"",63.8,"",4.3,"",3.7,""
"249190890","RADZIECHOWY","2023","12","29",7.5,"",73.0,"",5.0,"",6.0,""
"249190890","RADZIECHOWY","2023","12","30",7.3,"",70.5,"",2.3,"",6.0,""
"249190890","RADZIECHOWY","2023","12","31",3.4,"",78.5,"",2.0,"",4.3,""
"249200020","£AZY","2023","12","01",-.6,"",.0,"8",.7,"",8.0,""
"249200020","£AZY","2023","12","02",-2.2,"",.0,"8",1.3,"",8.0,""
"249200020","£AZY","2023","12","03",-2.9,"",.0,"8",3.3,"",8.0,""
"249200020","£AZY","2023","12","04",-4.7,"",.0,"8",1.3,"",4.7,""
"249200020","£AZY","2023","12","05",-5.0,"",.0,"8",.7,"",3.7,""
"249200020","£AZY","2023","12","06",-7.3,"",.0,"8",1.0,"",8.0,""
"249200020","£AZY","2023","12","07",-2.8,"",.0,"8",1.0,"",8.0,""
"249200020","£AZY","2023","12","08",-2.7,"",.0,"8",.7,"",8.0,""
"249200020","£AZY","2023","12","09",-4.3,"",.0,"8",.3,"",7.7,""
"249200020","£AZY","2023","12","10",-.1,"",.0,"8",2.3,"",6.3,""
"249200020","£AZY","2023","12","11",4.2,"",.0,"8",4.0,"",7.7,""
"249200020","£AZY","2023","12","12",5.5,"",.0,"8",3.0,"",7.7,""
"249200020","£AZY","2023","12","13",3.5,"",.0,"8",1.3,"",8.0,""
"249200020","£AZY","2023","12","14",2.9,"",.0,"8",2.0,"",8.0,""
"249200020","£AZY","2023","12","15",1.5,"",.0,"8",2.3,"",8.0,""
"249200020","£AZY","2023","12","16",3.4,"",.0,"8",3.3,"",7.0,""
"249200020","£AZY","2023","12","17",5.0,"",.0,"8",2.3,"",6.0,""
"249200020","£AZY","2023","12","18",5.2,"",.0,"8",1.0,"",2.7,""
"249200020","£AZY","2023","12","19",7.0,"",.0,"8",1.7,"",5.7,""
"249200020","£AZY","2023","12","20",6.5,"",.0,"8",2.0,"",5.7,""
"249200020","£AZY","2023","12","21",5.0,"",.0,"8",4.3,"",7.7,""
"249200020","£AZY","2023","12","22",3.2,"",.0,"8",6.0,"",7.7,""
"249200020","£AZY","2023","12","23",.1,"",.0,"8",7.0,"",6.3,""
"249200020","£AZY","2023","12","24",3.4,"",.0,"8",2.0,"",8.0,""
"249200020","£AZY","2023","12","25",9.8,"",.0,"8",5.7,"",8.0,""
"249200020","£AZY","2023","12","26",10.2,"",.0,"8",4.7,"",7.3,""
"249200020","£AZY","2023","12","27",2.9,"",.0,"8",4.3,"",1.7,""
"249200020","£AZY","2023","12","28",6.2,"",.0,"8",1.3,"",5.0,""
"249200020","£AZY","2023","12","29",8.6,"",.0,"8",4.0,"",6.7,""
"249200020","£AZY","2023","12","30",8.2,"",.0,"8",4.0,"",6.7,""
"249200020","£AZY","2023","12","31",3.9,"",.0,"8",1.7,"",5.3,""
"249200130","JASTRZÊBIA","2023","12","01",-.5,"",.0,"8",.0,"",8.0,""
"249200130","JASTRZÊBIA","2023","12","02",-1.1,"",.0,"8",.0,"",8.0,""
"249200130","JASTRZÊBIA","2023","12","03",-2.4,"",.0,"8",1.7,"",7.3,""
"249200130","JASTRZÊBIA","2023","12","04",-8.2,"",.0,"8",1.3,"",1.0,""
"249200130","JASTRZÊBIA","2023","12","05",-3.3,"",.0,"8",1.3,"",3.3,""
"249200130","JASTRZÊBIA","2023","12","06",-6.6,"",.0,"8",.0,"",7.7,""
"249200130","JASTRZÊBIA","2023","12","07",-1.8,"",.0,"8",.0,"",8.0,""
"249200130","JASTRZÊBIA","2023","12","08",-3.1,"",.0,"8",.7,"",6.3,""
"249200130","JASTRZÊBIA","2023","12","09",-5.2,"",.0,"8",.7,"",2.3,""
"249200130","JASTRZÊBIA","2023","12","10",.0,"",.0,"8",.7,"",5.7,""
"249200130","JASTRZÊBIA","2023","12","11",2.3,"",.0,"8",4.0,"",6.0,""
"249200130","JASTRZÊBIA","2023","12","12",3.8,"",.0,"8",.7,"",6.3,""
"249200130","JASTRZÊBIA","2023","12","13",2.5,"",.0,"8",1.0,"",7.7,""
"249200130","JASTRZÊBIA","2023","12","14",2.6,"",.0,"8",.7,"",8.0,""
"249200130","JASTRZÊBIA","2023","12","15",1.6,"",.0,"8",1.7,"",7.3,""
"249200130","JASTRZÊBIA","2023","12","16",3.2,"",.0,"8",1.7,"",7.0,""
"249200130","JASTRZÊBIA","2023","12","17",2.1,"",.0,"8",.7,"",3.3,""
"249200130","JASTRZÊBIA","2023","12","18",3.2,"",.0,"8",1.3,"",3.3,""
"249200130","JASTRZÊBIA","2023","12","19",3.2,"",.0,"8",3.3,"",4.3,""
"249200130","JASTRZÊBIA","2023","12","20",2.3,"",.0,"8",1.0,"",6.0,""
"249200130","JASTRZÊBIA","2023","12","21",4.2,"",.0,"8",2.3,"",5.7,""
"249200130","JASTRZÊBIA","2023","12","22",2.9,"",.0,"8",2.7,"",6.7,""
"249200130","JASTRZÊBIA","2023","12","23",.8,"",.0,"8",2.7,"",7.0,""
"249200130","JASTRZÊBIA","2023","12","24",3.2,"",.0,"8",1.3,"",7.7,""
"249200130","JASTRZÊBIA","2023","12","25",9.6,"",.0,"8",2.7,"",6.3,""
"249200130","JASTRZÊBIA","2023","12","26",9.5,"",.0,"8",1.7,"",6.0,""
"249200130","JASTRZÊBIA","2023","12","27",2.4,"",.0,"8",2.3,"",1.3,""
"249200130","JASTRZÊBIA","2023","12","28",2.8,"",.0,"8",2.3,"",2.7,""
"249200130","JASTRZÊBIA","2023","12","29",6.4,"",.0,"8",1.7,"",5.7,""
"249200130","JASTRZÊBIA","2023","12","30",4.3,"",.0,"8",2.0,"",5.3,""
"249200130","JASTRZÊBIA","2023","12","31",2.0,"",.0,"8",1.0,"",6.7,""
"249200180","LIMANOWA","2023","12","01",-1.6,"",97.0,"",1.3,"",8.0,""
"249200180","LIMANOWA","2023","12","02",-2.9,"",97.3,"",2.0,"",8.0,""
"249200180","LIMANOWA","2023","12","03",-4.7,"",84.8,"",4.7,"",7.7,""
"249200180","LIMANOWA","2023","12","04",-6.1,"",81.8,"",2.7,"",5.0,""
"249200180","LIMANOWA","2023","12","05",-3.6,"",77.8,"",2.3,"",4.0,""
"249200180","LIMANOWA","2023","12","06",-2.9,"",85.3,"",2.0,"",8.0,""
"249200180","LIMANOWA","2023","12","07",-3.5,"",93.8,"",1.3,"",8.0,""
"249200180","LIMANOWA","2023","12","08",-3.6,"",90.3,"",2.7,"",4.0,""
"249200180","LIMANOWA","2023","12","09",-3.0,"",83.0,"",2.0,"",6.3,""
"249200180","LIMANOWA","2023","12","10",-.6,"",81.8,"",1.0,"",6.7,""
"249200180","LIMANOWA","2023","12","11",1.8,"",80.5,"",3.7,"",6.7,""
"249200180","LIMANOWA","2023","12","12",3.4,"",81.0,"",3.0,"",7.0,""
"249200180","LIMANOWA","2023","12","13",1.7,"",94.0,"",2.0,"",8.0,""
"249200180","LIMANOWA","2023","12","14",1.8,"",97.8,"",2.0,"",8.0,""
"249200180","LIMANOWA","2023","12","15",-.2,"",91.3,"",3.7,"",7.0,""
"249200180","LIMANOWA","2023","12","16",1.3,"",84.5,"",3.3,"",7.0,""
"249200180","LIMANOWA","2023","12","17",4.7,"",75.8,"",4.0,"",4.7,""
"249200180","LIMANOWA","2023","12","18",6.8,"",59.5,"",2.3,"",2.3,""
"249200180","LIMANOWA","2023","12","19",7.8,"",42.5,"",2.3,"",4.3,""
"249200180","LIMANOWA","2023","12","20",6.0,"",60.5,"",4.3,"",5.7,""
"249200180","LIMANOWA","2023","12","21",3.6,"",69.0,"",4.7,"",6.0,""
"249200180","LIMANOWA","2023","12","22",2.2,"",70.8,"",6.7,"",5.3,""
"249200180","LIMANOWA","2023","12","23",-.9,"",79.3,"",5.3,"",7.0,""
"249200180","LIMANOWA","2023","12","24",1.8,"",92.3,"",4.0,"",8.0,""
"249200180","LIMANOWA","2023","12","25",8.3,"",73.5,"",7.3,"",7.0,""
"249200180","LIMANOWA","2023","12","26",8.9,"",74.0,"",5.7,"",6.3,""
"249200180","LIMANOWA","2023","12","27",3.3,"",70.0,"",4.7,"",2.7,""
"249200180","LIMANOWA","2023","12","28",6.4,"",62.3,"",2.7,"",4.0,""
"249200180","LIMANOWA","2023","12","29",8.7,"",63.0,"",4.7,"",6.0,""
"249200180","LIMANOWA","2023","12","30",6.1,"",66.3,"",3.7,"",5.7,""
"249200180","LIMANOWA","2023","12","31",2.5,"",92.8,"",2.7,"",5.0,""
"249200260","£¥CKO","2023","12","01",-.8,"",.0,"8",.7,"",7.7,""
"249200260","£¥CKO","2023","12","02",-1.8,"",.0,"8",.3,"",8.0,""
"249200260","£¥CKO","2023","12","03",-2.6,"",.0,"8",3.7,"",8.0,""
"249200260","£¥CKO","2023","12","04",-8.9,"",.0,"8",.3,"",4.3,""
"249200260","£¥CKO","2023","12","05",-3.9,"",.0,"8",1.7,"",6.0,""
"249200260","£¥CKO","2023","12","06",-4.8,"",.0,"8",.3,"",7.3,""
"249200260","£¥CKO","2023","12","07",-2.3,"",.0,"8",.3,"",8.0,""
"249200260","£¥CKO","2023","12","08",-4.2,"",.0,"8",.3,"",5.7,""
"249200260","£¥CKO","2023","12","09",-4.3,"",.0,"8",1.0,"",6.3,""
"249200260","£¥CKO","2023","12","10",.2,"",.0,"8",2.7,"",5.0,""
"249200260","£¥CKO","2023","12","11",1.2,"",.0,"8",.7,"",6.7,""
"249200260","£¥CKO","2023","12","12",3.4,"",.0,"8",2.0,"",5.3,""
"249200260","£¥CKO","2023","12","13",1.4,"",.0,"8",.3,"",8.0,""
"249200260","£¥CKO","2023","12","14",1.9,"",.0,"8",.0,"",8.0,""
"249200260","£¥CKO","2023","12","15",1.6,"",.0,"8",1.7,"",7.7,""
"249200260","£¥CKO","2023","12","16",2.0,"",.0,"8",2.0,"",7.0,""
"249200260","£¥CKO","2023","12","17",4.5,"",.0,"8",1.3,"",1.3,""
"249200260","£¥CKO","2023","12","18",4.8,"",.0,"8",2.0,"",3.7,""
"249200260","£¥CKO","2023","12","19",5.4,"",.0,"8",1.7,"",4.0,""
"249200260","£¥CKO","2023","12","20",5.2,"",.0,"8",2.3,"",4.3,""
"249200260","£¥CKO","2023","12","21",5.0,"",.0,"8",3.3,"",6.0,""
"249200260","£¥CKO","2023","12","22",2.9,"",.0,"8",3.0,"",2.7,""
"249200260","£¥CKO","2023","12","23",.5,"",.0,"8",2.7,"",7.7,""
"249200260","£¥CKO","2023","12","24",2.6,"",.0,"8",3.0,"",8.0,""
"249200260","£¥CKO","2023","12","25",9.5,"",.0,"8",4.7,"",7.0,""
"249200260","£¥CKO","2023","12","26",10.6,"",.0,"8",3.7,"",5.7,""
"249200260","£¥CKO","2023","12","27",2.5,"",.0,"8",2.3,"",1.7,""
"249200260","£¥CKO","2023","12","28",5.4,"",.0,"8",3.0,"",4.0,""
"249200260","£¥CKO","2023","12","29",7.6,"",.0,"8",2.7,"",4.0,""
"249200260","£¥CKO","2023","12","30",5.6,"",.0,"8",2.0,"",3.0,""
"249200260","£¥CKO","2023","12","31",1.8,"",.0,"8",.0,"",5.0,""
"249200370","KROŒCIENKO","2023","12","01",-1.3,"",.0,"8",2.0,"",8.0,""
"249200370","KROŒCIENKO","2023","12","02",-1.7,"",.0,"8",3.7,"",8.0,""
"249200370","KROŒCIENKO","2023","12","03",-3.0,"",.0,"8",2.3,"",8.0,""
"249200370","KROŒCIENKO","2023","12","04",-8.3,"",.0,"8",1.0,"",2.0,""
"249200370","KROŒCIENKO","2023","12","05",-4.2,"",.0,"8",1.3,"",5.3,""
"249200370","KROŒCIENKO","2023","12","06",-5.4,"",.0,"8",.3,"",8.0,""
"249200370","KROŒCIENKO","2023","12","07",-1.9,"",.0,"8",1.3,"",8.0,""
"249200370","KROŒCIENKO","2023","12","08",-3.7,"",.0,"8",1.0,"",4.7,""
"249200370","KROŒCIENKO","2023","12","09",-4.4,"",.0,"8",.7,"",8.0,""
"249200370","KROŒCIENKO","2023","12","10",-.7,"",.0,"8",2.0,"",7.7,""
"249200370","KROŒCIENKO","2023","12","11",.9,"",.0,"8",1.0,"",4.0,""
"249200370","KROŒCIENKO","2023","12","12",1.4,"",.0,"8",.3,"",6.7,""
"249200370","KROŒCIENKO","2023","12","13",1.3,"",.0,"8",.7,"",8.0,""
"249200370","KROŒCIENKO","2023","12","14",1.8,"",.0,"8",.0,"",8.0,""
"249200370","KROŒCIENKO","2023","12","15",1.1,"",.0,"8",3.0,"",8.0,""
"249200370","KROŒCIENKO","2023","12","16",1.4,"",.0,"8",1.3,"",8.0,""
"249200370","KROŒCIENKO","2023","12","17",2.2,"",.0,"8",2.0,"",3.0,""
"249200370","KROŒCIENKO","2023","12","18",.7,"",.0,"8",1.0,"",2.0,""
"249200370","KROŒCIENKO","2023","12","19",.2,"",.0,"8",2.0,"",2.7,""
"249200370","KROŒCIENKO","2023","12","20",.9,"",.0,"8",1.3,"",5.7,""
"249200370","KROŒCIENKO","2023","12","21",1.4,"",.0,"8",1.0,"",6.3,""
"249200370","KROŒCIENKO","2023","12","22",1.7,"",.0,"8",1.3,"",7.3,""
"249200370","KROŒCIENKO","2023","12","23",-.4,"",.0,"8",2.3,"",8.0,""
"249200370","KROŒCIENKO","2023","12","24",.6,"",.0,"8",1.0,"",8.0,""
"249200370","KROŒCIENKO","2023","12","25",5.5,"",.0,"8",1.3,"",8.0,""
"249200370","KROŒCIENKO","2023","12","26",8.1,"",.0,"8",2.3,"",8.0,""
"249200370","KROŒCIENKO","2023","12","27",1.9,"",.0,"8",1.7,"",1.7,""
"249200370","KROŒCIENKO","2023","12","28",.8,"",.0,"8",1.0,"",.0,""
"249200370","KROŒCIENKO","2023","12","29",4.4,"",.0,"8",1.7,"",2.0,""
"249200370","KROŒCIENKO","2023","12","30",2.1,"",.0,"8",1.7,"",4.3,""
"249200370","KROŒCIENKO","2023","12","31",2.7,"",.0,"8",1.0,"",7.7,""
"249200420","NIEDZICA","2023","12","01",-1.6,"",.0,"8",.7,"",8.0,""
"249200420","NIEDZICA","2023","12","02",-2.2,"",.0,"8",2.0,"",8.0,""
"249200420","NIEDZICA","2023","12","03",-4.0,"",.0,"8",1.7,"",7.7,""
"249200420","NIEDZICA","2023","12","04",-8.8,"",.0,"8",1.3,"",4.0,""
"249200420","NIEDZICA","2023","12","05",-4.7,"",.0,"8",1.7,"",3.7,""
"249200420","NIEDZICA","2023","12","06",-6.6,"",.0,"8",.0,"",8.0,""
"249200420","NIEDZICA","2023","12","07",-2.6,"",.0,"8",.0,"",8.0,""
"249200420","NIEDZICA","2023","12","08",-4.4,"",.0,"8",.7,"",8.0,""
"249200420","NIEDZICA","2023","12","09",-5.7,"",.0,"8",.3,"",6.7,""
"249200420","NIEDZICA","2023","12","10",-3.8,"",.0,"8",.3,"",8.0,""
"249200420","NIEDZICA","2023","12","11",-.9,"",.0,"8",.0,"",5.0,""
"249200420","NIEDZICA","2023","12","12",2.0,"",.0,"8",.3,"",5.7,""
"249200420","NIEDZICA","2023","12","13",1.2,"",.0,"8",1.7,"",8.0,""
"249200420","NIEDZICA","2023","12","14",1.8,"",.0,"8",.0,"",8.0,""
"249200420","NIEDZICA","2023","12","15",.2,"",.0,"8",1.0,"",8.0,""
"249200420","NIEDZICA","2023","12","16",.4,"",.0,"8",1.0,"",7.0,""
"249200420","NIEDZICA","2023","12","17",.4,"",.0,"8",.0,"",3.7,""
"249200420","NIEDZICA","2023","12","18",-.9,"",.0,"8",.7,"",5.7,""
"249200420","NIEDZICA","2023","12","19",-1.5,"",.0,"8",.3,"",4.7,""
"249200420","NIEDZICA","2023","12","20",-.8,"",.0,"8",.7,"",6.3,""
"249200420","NIEDZICA","2023","12","21",1.2,"",.0,"8",.7,"",6.3,""
"249200420","NIEDZICA","2023","12","22",1.5,"",.0,"8",2.7,"",6.3,""
"249200420","NIEDZICA","2023","12","23",-1.1,"",.0,"8",1.7,"",8.0,""
"249200420","NIEDZICA","2023","12","24",.6,"",.0,"8",.3,"",8.0,""
"249200420","NIEDZICA","2023","12","25",7.0,"",.0,"8",2.7,"",5.3,""
"249200420","NIEDZICA","2023","12","26",7.8,"",.0,"8",2.0,"",6.3,""
"249200420","NIEDZICA","2023","12","27",1.9,"",.0,"8",1.7,"",4.0,""
"249200420","NIEDZICA","2023","12","28",.0,"",.0,"8",.0,"",3.3,""
"249200420","NIEDZICA","2023","12","29",3.8,"",.0,"8",1.7,"",4.7,""
"249200420","NIEDZICA","2023","12","30",3.0,"",.0,"8",1.0,"",5.0,""
"249200420","NIEDZICA","2023","12","31",.5,"",.0,"8",.3,"",5.3,""
"249200480","BUKOWINA TATRZAÑSKA","2023","12","01",-2.7,"",.0,"8",.0,"",8.0,""
"249200480","BUKOWINA TATRZAÑSKA","2023","12","02",-4.6,"",.0,"8",.7,"",8.0,""
"249200480","BUKOWINA TATRZAÑSKA","2023","12","03",-6.8,"",.0,"8",1.3,"",7.3,""
"249200480","BUKOWINA TATRZAÑSKA","2023","12","04",-8.5,"",.0,"8",.0,"",2.7,""
"249200480","BUKOWINA TATRZAÑSKA","2023","12","05",-6.6,"",.0,"8",.0,"",5.0,""
"249200480","BUKOWINA TATRZAÑSKA","2023","12","06",-2.9,"",.0,"8",.0,"",8.0,""
"249200480","BUKOWINA TATRZAÑSKA","2023","12","07",-3.9,"",.0,"8",.7,"",7.3,""
"249200480","BUKOWINA TATRZAÑSKA","2023","12","08",-6.1,"",.0,"8",.0,"",2.0,""
"249200480","BUKOWINA TATRZAÑSKA","2023","12","09",-5.9,"",.0,"8",.0,"",5.3,""
"249200480","BUKOWINA TATRZAÑSKA","2023","12","10",-2.6,"",.0,"8",1.0,"",7.7,""
"249200480","BUKOWINA TATRZAÑSKA","2023","12","11",1.3,"",.0,"8",1.7,"",6.0,""
"249200480","BUKOWINA TATRZAÑSKA","2023","12","12",2.0,"",.0,"8",2.7,"",5.0,""
"249200480","BUKOWINA TATRZAÑSKA","2023","12","13",.8,"",.0,"8",.3,"",7.0,""
"249200480","BUKOWINA TATRZAÑSKA","2023","12","14",.8,"",.0,"8",1.0,"",8.0,""
"249200480","BUKOWINA TATRZAÑSKA","2023","12","15",-2.0,"",.0,"8",3.0,"",8.0,""
"249200480","BUKOWINA TATRZAÑSKA","2023","12","16",-.6,"",.0,"8",2.0,"",7.7,""
"249200480","BUKOWINA TATRZAÑSKA","2023","12","17",3.7,"",.0,"8",3.0,"",3.3,""
"249200480","BUKOWINA TATRZAÑSKA","2023","12","18",8.3,"",.0,"8",.7,"",1.0,""
"249200480","BUKOWINA TATRZAÑSKA","2023","12","19",8.6,"",.0,"8",1.7,"",4.3,""
"249200480","BUKOWINA TATRZAÑSKA","2023","12","20",3.7,"",.0,"8",.0,"",7.3,""
"249200480","BUKOWINA TATRZAÑSKA","2023","12","21",2.4,"",.0,"8",.0,"",5.7,""
"249200480","BUKOWINA TATRZAÑSKA","2023","12","22",-.2,"",.0,"8",5.7,"",7.7,""
"249200480","BUKOWINA TATRZAÑSKA","2023","12","23",-3.7,"",.0,"8",4.3,"",8.0,""
"249200480","BUKOWINA TATRZAÑSKA","2023","12","24",.7,"",.0,"8",2.3,"",8.0,""
"249200480","BUKOWINA TATRZAÑSKA","2023","12","25",5.9,"",.0,"8",.0,"",5.7,""
"249200480","BUKOWINA TATRZAÑSKA","2023","12","26",7.7,"",.0,"8",.0,"",6.7,""
"249200480","BUKOWINA TATRZAÑSKA","2023","12","27",1.5,"",.0,"8",1.0,"",2.7,""
"249200480","BUKOWINA TATRZAÑSKA","2023","12","28",2.8,"",.0,"8",.0,"",2.0,""
"249200480","BUKOWINA TATRZAÑSKA","2023","12","29",5.8,"",.0,"8",.0,"",3.3,""
"249200480","BUKOWINA TATRZAÑSKA","2023","12","30",4.7,"",.0,"8",.0,"",5.3,""
"249200480","BUKOWINA TATRZAÑSKA","2023","12","31",2.0,"",.0,"8",.0,"",3.0,""
"249200550","DOLINA PIÊCIU STAWÓW","2023","12","01",-1.7,"",.0,"8",2.3,"",8.0,""
"249200550","DOLINA PIÊCIU STAWÓW","2023","12","02",-3.2,"",.0,"8",7.0,"",8.0,""
"249200550","DOLINA PIÊCIU STAWÓW","2023","12","03",-11.2,"",.0,"8",2.3,"",3.7,""
"249200550","DOLINA PIÊCIU STAWÓW","2023","12","04",-10.3,"",.0,"8",3.7,"",.7,""
"249200550","DOLINA PIÊCIU STAWÓW","2023","12","05",-5.4,"",.0,"8",.0,"8",5.0,""
"249200550","DOLINA PIÊCIU STAWÓW","2023","12","06",-3.6,"",.0,"8",.0,"8",8.0,""
"249200550","DOLINA PIÊCIU STAWÓW","2023","12","07",-6.5,"",.0,"8",.0,"8",5.7,""
"249200550","DOLINA PIÊCIU STAWÓW","2023","12","08",-6.1,"",.0,"8",.0,"8",1.7,""
"249200550","DOLINA PIÊCIU STAWÓW","2023","12","09",-3.0,"",.0,"8",.0,"8",5.7,""
"249200550","DOLINA PIÊCIU STAWÓW","2023","12","10",-3.4,"",.0,"8",.0,"8",8.0,""
"249200550","DOLINA PIÊCIU STAWÓW","2023","12","11",-1.6,"",.0,"8",.0,"8",7.0,""
"249200550","DOLINA PIÊCIU STAWÓW","2023","12","12",-2.4,"",.0,"8",.0,"8",5.7,""
"249200550","DOLINA PIÊCIU STAWÓW","2023","12","13",-2.1,"",.0,"8",.0,"8",8.0,""
"249200550","DOLINA PIÊCIU STAWÓW","2023","12","14",-3.3,"",.0,"8",.0,"8",8.0,""
"249200550","DOLINA PIÊCIU STAWÓW","2023","12","15",-7.6,"",.0,"8",.0,"8",8.0,""
"249200550","DOLINA PIÊCIU STAWÓW","2023","12","16",-6.7,"",.0,"8",.0,"8",6.0,""
"249200550","DOLINA PIÊCIU STAWÓW","2023","12","17",1.7,"",.0,"8",.0,"8",6.3,""
"249200550","DOLINA PIÊCIU STAWÓW","2023","12","18",7.1,"",.0,"8",.0,"8",2.3,""
"249200550","DOLINA PIÊCIU STAWÓW","2023","12","19",5.9,"",.0,"8",.0,"8",6.7,""
"249200550","DOLINA PIÊCIU STAWÓW","2023","12","20",-.4,"",.0,"8",.0,"8",7.3,""
"249200550","DOLINA PIÊCIU STAWÓW","2023","12","21",-4.0,"",.0,"8",.0,"8",7.0,""
"249200550","DOLINA PIÊCIU STAWÓW","2023","12","22",-7.1,"",.0,"8",.0,"8",8.0,""
"249200550","DOLINA PIÊCIU STAWÓW","2023","12","23",-9.3,"",.0,"8",.0,"8",8.0,""
"249200550","DOLINA PIÊCIU STAWÓW","2023","12","24",-2.6,"",.0,"8",.0,"8",8.0,""
"249200550","DOLINA PIÊCIU STAWÓW","2023","12","25",2.2,"",.0,"8",.0,"8",8.0,""
"249200550","DOLINA PIÊCIU STAWÓW","2023","12","26",2.6,"",.0,"8",.0,"8",6.7,""
"249200550","DOLINA PIÊCIU STAWÓW","2023","12","27",-2.3,"",.0,"8",.0,"8",5.0,""
"249200550","DOLINA PIÊCIU STAWÓW","2023","12","28",3.7,"",.0,"8",.0,"8",2.7,""
"249200550","DOLINA PIÊCIU STAWÓW","2023","12","29",1.9,"",.0,"8",.0,"8",5.7,""
"249200550","DOLINA PIÊCIU STAWÓW","2023","12","30",.0,"",.0,"8",.0,"8",4.3,""
"249200550","DOLINA PIÊCIU STAWÓW","2023","12","31",-.5,"",.0,"8",.0,"8",5.7,""
"249200920","PIWNICZNA","2023","12","01",-1.7,"",.0,"8",.0,"",8.0,""
"249200920","PIWNICZNA","2023","12","02",-2.0,"",.0,"8",2.0,"",8.0,""
"249200920","PIWNICZNA","2023","12","03",-3.1,"",.0,"8",.7,"",8.0,""
"249200920","PIWNICZNA","2023","12","04",-6.9,"",.0,"8",1.0,"",4.7,""
"249200920","PIWNICZNA","2023","12","05",-3.5,"",.0,"8",1.3,"",5.7,""
"249200920","PIWNICZNA","2023","12","06",-2.5,"",.0,"8",.3,"",8.0,""
"249200920","PIWNICZNA","2023","12","07",-2.3,"",.0,"8",1.7,"",8.0,""
"249200920","PIWNICZNA","2023","12","08",-2.2,"",.0,"8",2.0,"",4.7,""
"249200920","PIWNICZNA","2023","12","09",-3.8,"",.0,"8",1.7,"",6.0,""
"249200920","PIWNICZNA","2023","12","10",.0,"",.0,"8",3.3,"",7.3,""
"249200920","PIWNICZNA","2023","12","11",1.4,"",.0,"8",2.7,"",8.0,""
"249200920","PIWNICZNA","2023","12","12",2.5,"",.0,"8",2.3,"",5.3,""
"249200920","PIWNICZNA","2023","12","13",1.4,"",.0,"8",1.3,"",8.0,""
"249200920","PIWNICZNA","2023","12","14",1.5,"",.0,"8",1.0,"",8.0,""
"249200920","PIWNICZNA","2023","12","15",1.1,"",.0,"8",2.3,"",8.0,""
"249200920","PIWNICZNA","2023","12","16",.4,"",.0,"8",.0,"",7.0,""
"249200920","PIWNICZNA","2023","12","17",1.3,"",.0,"8",4.0,"",3.7,""
"249200920","PIWNICZNA","2023","12","18",-.1,"",.0,"8",3.7,"",4.7,""
"249200920","PIWNICZNA","2023","12","19",-.1,"",.0,"8",4.7,"",4.7,""
"249200920","PIWNICZNA","2023","12","20",.9,"",.0,"8",1.7,"",5.3,""
"249200920","PIWNICZNA","2023","12","21",1.7,"",.0,"8",3.0,"",6.0,""
"249200920","PIWNICZNA","2023","12","22",2.1,"",.0,"8",1.3,"",4.0,""
"249200920","PIWNICZNA","2023","12","23",.1,"",.0,"8",.7,"",8.0,""
"249200920","PIWNICZNA","2023","12","24",.5,"",.0,"8",1.3,"",7.3,""
"249200920","PIWNICZNA","2023","12","25",8.5,"",.0,"8",2.7,"",5.7,""
"249200920","PIWNICZNA","2023","12","26",8.6,"",.0,"8",1.0,"",6.0,""
"249200920","PIWNICZNA","2023","12","27",2.2,"",.0,"8",3.0,"",2.7,""
"249200920","PIWNICZNA","2023","12","28",1.6,"",.0,"8",1.7,"",3.3,""
"249200920","PIWNICZNA","2023","12","29",3.6,"",.0,"8",3.3,"",5.0,""
"249200920","PIWNICZNA","2023","12","30",3.8,"",.0,"8",1.7,"",5.3,""
"249200920","PIWNICZNA","2023","12","31",2.9,"",.0,"8",2.0,"",7.0,""
"249200930","PORONIN","2023","12","01",-1.9,"",94.3,"",1.0,"",8.0,""
"249200930","PORONIN","2023","12","02",-3.5,"",90.3,"",2.7,"",8.0,""
"249200930","PORONIN","2023","12","03",-5.5,"",85.8,"",3.0,"",6.3,""
"249200930","PORONIN","2023","12","04",-11.7,"",80.8,"",1.3,"",2.7,""
"249200930","PORONIN","2023","12","05",-8.0,"",88.3,"",.0,"",4.7,""
"249200930","PORONIN","2023","12","06",-6.1,"",86.8,"",.7,"",7.7,""
"249200930","PORONIN","2023","12","07",-4.1,"",94.5,"",.3,"",7.7,""
"249200930","PORONIN","2023","12","08",-10.4,"",84.8,"",1.0,"",1.3,""
"249200930","PORONIN","2023","12","09",-9.1,"",88.0,"",1.0,"",4.3,""
"249200930","PORONIN","2023","12","10",-5.1,"",93.0,"",.7,"",6.3,""
"249200930","PORONIN","2023","12","11",.9,"",73.3,"",3.3,"",4.3,""
"249200930","PORONIN","2023","12","12",1.2,"",81.5,"",2.3,"",4.3,""
"249200930","PORONIN","2023","12","13",.1,"",95.8,"",.3,"",7.3,""
"249200930","PORONIN","2023","12","14",1.1,"",98.8,"",.7,"",8.0,""
"249200930","PORONIN","2023","12","15",-1.1,"",91.5,"",1.3,"",7.0,""
"249200930","PORONIN","2023","12","16",-.9,"",86.8,"",.7,"",5.7,""
"249200930","PORONIN","2023","12","17",.0,"",91.5,"",1.7,"",3.0,""
"249200930","PORONIN","2023","12","18",.9,"",78.5,"",2.0,"",1.0,""
"249200930","PORONIN","2023","12","19",1.8,"",73.8,"",2.3,"",4.0,""
"249200930","PORONIN","2023","12","20",1.5,"",68.0,"",3.3,"",6.0,""
"249200930","PORONIN","2023","12","21",1.6,"",70.0,"",3.0,"",6.0,""
"249200930","PORONIN","2023","12","22",.7,"",77.8,"",5.0,"",7.0,""
"249200930","PORONIN","2023","12","23",-2.3,"",85.5,"",4.3,"",8.0,""
"249200930","PORONIN","2023","12","24",1.4,"",86.5,"",2.7,"",7.7,""
"249200930","PORONIN","2023","12","25",6.6,"",78.0,"",4.3,"",6.7,""
"249200930","PORONIN","2023","12","26",8.1,"",68.3,"",5.3,"",6.7,""
"249200930","PORONIN","2023","12","27",.9,"",66.8,"",2.7,"",4.0,""
"249200930","PORONIN","2023","12","28",-.3,"",82.8,"",1.7,"",2.3,""
"249200930","PORONIN","2023","12","29",6.1,"",65.0,"",5.0,"",2.7,""
"249200930","PORONIN","2023","12","30",5.1,"",62.8,"",4.7,"",3.3,""
"249200930","PORONIN","2023","12","31",.5,"",86.8,"",2.3,"",3.7,""
"249200980","MSZANA DOLNA","2023","12","01",-1.6,"",89.5,"",.0,"8",8.0,""
"249200980","MSZANA DOLNA","2023","12","02",-2.6,"",88.8,"",.0,"8",8.0,""
"249200980","MSZANA DOLNA","2023","12","03",-3.5,"",89.8,"",.0,"8",8.0,""
"249200980","MSZANA DOLNA","2023","12","04",-7.5,"",83.8,"",.0,"8",1.0,""
"249200980","MSZANA DOLNA","2023","12","05",-5.0,"",84.0,"",.0,"8",4.0,""
"249200980","MSZANA DOLNA","2023","12","06",-4.6,"",89.0,"",.0,"8",8.0,""
"249200980","MSZANA DOLNA","2023","12","07",-3.5,"",86.8,"",.0,"8",8.0,""
"249200980","MSZANA DOLNA","2023","12","08",-6.3,"",83.8,"",1.7,"",5.7,""
"249200980","MSZANA DOLNA","2023","12","09",-3.5,"",84.0,"",3.7,"",6.3,""
"249200980","MSZANA DOLNA","2023","12","10",-1.0,"",85.0,"",3.7,"",7.7,""
"249200980","MSZANA DOLNA","2023","12","11",3.8,"",76.8,"",6.3,"",7.0,""
"249200980","MSZANA DOLNA","2023","12","12",3.3,"",89.5,"",2.7,"",7.0,""
"249200980","MSZANA DOLNA","2023","12","13",1.7,"",91.5,"",.7,"",8.0,""
"249200980","MSZANA DOLNA","2023","12","14",2.2,"",96.3,"",.7,"",8.0,""
"249200980","MSZANA DOLNA","2023","12","15",.3,"",89.3,"",2.0,"",8.0,""
"249200980","MSZANA DOLNA","2023","12","16",1.3,"",91.5,"",2.3,"",8.0,""
"249200980","MSZANA DOLNA","2023","12","17",4.2,"",82.0,"",5.7,"",5.3,""
"249200980","MSZANA DOLNA","2023","12","18",5.6,"",65.8,"",3.7,"",2.7,""
"249200980","MSZANA DOLNA","2023","12","19",7.6,"",47.5,"",6.0,"",5.0,""
"249200980","MSZANA DOLNA","2023","12","20",5.7,"",62.8,"",4.3,"",8.0,""
"249200980","MSZANA DOLNA","2023","12","21",3.1,"",80.3,"",8.0,"",7.0,""
"249200980","MSZANA DOLNA","2023","12","22",1.9,"",78.0,"",6.0,"",8.0,""
"249200980","MSZANA DOLNA","2023","12","23",-.4,"",73.0,"",3.3,"",8.0,""
"249200980","MSZANA DOLNA","2023","12","24",1.7,"",91.5,"",3.3,"",8.0,""
"249200980","MSZANA DOLNA","2023","12","25",7.9,"",81.0,"",5.3,"",7.7,""
"249200980","MSZANA DOLNA","2023","12","26",8.7,"",80.3,"",6.0,"",7.7,""
"249200980","MSZANA DOLNA","2023","12","27",2.7,"",78.3,"",2.3,"",3.0,""
"249200980","MSZANA DOLNA","2023","12","28",5.8,"",70.0,"",4.0,"",4.7,""
"249200980","MSZANA DOLNA","2023","12","29",8.6,"",63.5,"",6.7,"",5.3,""
"249200980","MSZANA DOLNA","2023","12","30",6.7,"",72.8,"",3.7,"",6.0,""
"249200980","MSZANA DOLNA","2023","12","31",1.8,"",91.3,"",1.7,"",6.0,""
"249220040","DYNÓW","2023","12","01",-.5,"",.0,"8",.0,"",8.0,""
"249220040","DYNÓW","2023","12","02",-.4,"",.0,"8",1.7,"",8.0,""
"249220040","DYNÓW","2023","12","03",-2.1,"",.0,"8",3.7,"",8.0,""
"249220040","DYNÓW","2023","12","04",-5.1,"",.0,"8",.3,"",4.7,""
"249220040","DYNÓW","2023","12","05",-4.4,"",.0,"8",.0,"",4.0,""
"249220040","DYNÓW","2023","12","06",-7.2,"",.0,"8",1.3,"",8.0,""
"249220040","DYNÓW","2023","12","07",-.7,"",.0,"8",1.3,"",8.0,""
"249220040","DYNÓW","2023","12","08",-2.5,"",.0,"8",1.3,"",8.0,""
"249220040","DYNÓW","2023","12","09",-1.0,"",.0,"8",1.0,"",8.0,""
"249220040","DYNÓW","2023","12","10",1.2,"",.0,"8",2.7,"",8.0,""
"249220040","DYNÓW","2023","12","11",2.0,"",.0,"8",3.3,"",8.0,""
"249220040","DYNÓW","2023","12","12",3.1,"",.0,"8",2.0,"",7.3,""
"249220040","DYNÓW","2023","12","13",1.8,"",.0,"8",.7,"",8.0,""
"249220040","DYNÓW","2023","12","14",1.4,"",.0,"8",1.7,"",8.0,""
"249220040","DYNÓW","2023","12","15",1.0,"",.0,"8",3.0,"",8.0,""
"249220040","DYNÓW","2023","12","16",2.5,"",.0,"8",1.7,"",8.0,""
"249220040","DYNÓW","2023","12","17",2.5,"",.0,"8",4.3,"",6.0,""
"249220040","DYNÓW","2023","12","18",2.9,"",.0,"8",3.7,"",4.7,""
"249220040","DYNÓW","2023","12","19",3.3,"",.0,"8",2.3,"",4.0,""
"249220040","DYNÓW","2023","12","20",2.8,"",.0,"8",2.7,"",4.0,""
"249220040","DYNÓW","2023","12","21",2.4,"",.0,"8",4.7,"",5.3,""
"249220040","DYNÓW","2023","12","22",2.6,"",.0,"8",4.7,"",6.0,""
"249220040","DYNÓW","2023","12","23",.6,"",.0,"8",7.0,"",4.7,""
"249220040","DYNÓW","2023","12","24",1.8,"",.0,"8",3.0,"",8.0,""
"249220040","DYNÓW","2023","12","25",7.5,"",.0,"8",6.0,"",8.0,""
"249220040","DYNÓW","2023","12","26",8.6,"",.0,"8",2.3,"",6.7,""
"249220040","DYNÓW","2023","12","27",2.9,"",.0,"8",5.0,"",1.7,""
"249220040","DYNÓW","2023","12","28",4.6,"",.0,"8",1.7,"",3.3,""
"249220040","DYNÓW","2023","12","29",5.9,"",.0,"8",3.0,"",4.0,""
"249220040","DYNÓW","2023","12","30",6.1,"",.0,"8",3.7,"",5.3,""
"249220040","DYNÓW","2023","12","31",4.6,"",.0,"8",1.7,"",4.0,""
"249220150","SOLINA-JAWOR","2023","12","01",-.7,"",.0,"8",.0,"",8.0,""
"249220150","SOLINA-JAWOR","2023","12","02",-.2,"",.0,"8",.7,"",8.0,""
"249220150","SOLINA-JAWOR","2023","12","03",-3.1,"",.0,"8",2.0,"",8.0,""
"249220150","SOLINA-JAWOR","2023","12","04",-4.2,"",.0,"8",1.3,"",7.0,""
"249220150","SOLINA-JAWOR","2023","12","05",-3.7,"",.0,"8",.7,"",8.0,""
"249220150","SOLINA-JAWOR","2023","12","06",-4.0,"",.0,"8",.0,"",5.3,""
"249220150","SOLINA-JAWOR","2023","12","07",-2.6,"",.0,"8",.0,"",8.0,""
"249220150","SOLINA-JAWOR","2023","12","08",-2.6,"",.0,"8",.3,"",8.0,""
"249220150","SOLINA-JAWOR","2023","12","09",-1.0,"",.0,"8",1.0,"",7.3,""
"249220150","SOLINA-JAWOR","2023","12","10",-.1,"",.0,"8",2.3,"",8.0,""
"249220150","SOLINA-JAWOR","2023","12","11",1.5,"",.0,"8",3.7,"",8.0,""
"249220150","SOLINA-JAWOR","2023","12","12",2.8,"",.0,"8",2.3,"",8.0,""
"249220150","SOLINA-JAWOR","2023","12","13",1.7,"",.0,"8",1.0,"",8.0,""
"249220150","SOLINA-JAWOR","2023","12","14",.7,"",.0,"8",1.0,"",8.0,""
"249220150","SOLINA-JAWOR","2023","12","15",-.3,"",.0,"8",1.3,"",8.0,""
"249220150","SOLINA-JAWOR","2023","12","16",.8,"",.0,"8",1.0,"",8.0,""
"249220150","SOLINA-JAWOR","2023","12","17",2.4,"",.0,"8",2.0,"",8.0,""
"249220150","SOLINA-JAWOR","2023","12","18",2.5,"",.0,"8",1.7,"",4.3,""
"249220150","SOLINA-JAWOR","2023","12","19",3.3,"",.0,"8",2.0,"",5.7,""
"249220150","SOLINA-JAWOR","2023","12","20",3.9,"",.0,"8",1.0,"",6.0,""
"249220150","SOLINA-JAWOR","2023","12","21",2.1,"",.0,"8",4.0,"",7.0,""
"249220150","SOLINA-JAWOR","2023","12","22",.9,"",.0,"8",4.0,"",8.0,""
"249220150","SOLINA-JAWOR","2023","12","23",-1.5,"",.0,"8",2.7,"",8.0,""
"249220150","SOLINA-JAWOR","2023","12","24",1.0,"",.0,"8",2.7,"",8.0,""
"249220150","SOLINA-JAWOR","2023","12","25",7.6,"",.0,"8",5.0,"",8.0,""
"249220150","SOLINA-JAWOR","2023","12","26",8.5,"",.0,"8",4.0,"",8.0,""
"249220150","SOLINA-JAWOR","2023","12","27",2.7,"",.0,"8",2.0,"",3.7,""
"249220150","SOLINA-JAWOR","2023","12","28",4.7,"",.0,"8",4.7,"",3.7,""
"249220150","SOLINA-JAWOR","2023","12","29",6.1,"",.0,"8",3.0,"",7.0,""
"249220150","SOLINA-JAWOR","2023","12","30",5.6,"",.0,"8",2.3,"",5.3,""
"249220150","SOLINA-JAWOR","2023","12","31",3.5,"",.0,"8",1.7,"",8.0,""
"249220180","KOMAÑCZA","2023","12","01",-1.0,"",97.0,"",.7,"",8.0,""
"249220180","KOMAÑCZA","2023","12","02",.0,"",96.5,"",1.0,"",8.0,""
"249220180","KOMAÑCZA","2023","12","03",-3.0,"",94.3,"",1.3,"",8.0,""
"249220180","KOMAÑCZA","2023","12","04",-5.5,"",94.0,"",1.0,"",8.0,""
"249220180","KOMAÑCZA","2023","12","05",-3.6,"",91.0,"",.7,"",8.0,""
"249220180","KOMAÑCZA","2023","12","06",-4.6,"",91.5,"",1.0,"",7.0,""
"249220180","KOMAÑCZA","2023","12","07",-2.3,"",96.8,"",1.0,"",8.0,""
"249220180","KOMAÑCZA","2023","12","08",-2.0,"",92.5,"",1.0,"",6.7,""
"249220180","KOMAÑCZA","2023","12","09",-1.1,"",96.3,"",2.0,"",8.0,""
"249220180","KOMAÑCZA","2023","12","10",-.8,"",97.0,"",2.0,"",8.0,""
"249220180","KOMAÑCZA","2023","12","11",.3,"",97.5,"",4.0,"",8.0,""
"249220180","KOMAÑCZA","2023","12","12",1.7,"",96.0,"",1.7,"",8.0,""
"249220180","KOMAÑCZA","2023","12","13",1.9,"",97.8,"",.7,"",8.0,""
"249220180","KOMAÑCZA","2023","12","14",.8,"",96.3,"",1.3,"",8.0,""
"249220180","KOMAÑCZA","2023","12","15",.2,"",89.5,"",2.0,"",8.0,""
"249220180","KOMAÑCZA","2023","12","16",-.3,"",93.3,"",.7,"",8.0,""
"249220180","KOMAÑCZA","2023","12","17",-.1,"",90.8,"",3.0,"",8.0,""
"249220180","KOMAÑCZA","2023","12","18",.0,"",93.8,"",3.7,"",8.0,""
"249220180","KOMAÑCZA","2023","12","19",1.7,"",90.3,"",3.7,"",7.3,""
"249220180","KOMAÑCZA","2023","12","20",1.1,"",91.0,"",2.0,"",4.3,""
"249220180","KOMAÑCZA","2023","12","21",-.2,"",95.5,"",3.3,"",8.0,""
"249220180","KOMAÑCZA","2023","12","22",.6,"",76.0,"",3.3,"",8.0,""
"249220180","KOMAÑCZA","2023","12","23",-1.1,"",96.0,"",3.7,"",7.7,""
"249220180","KOMAÑCZA","2023","12","24",-.3,"",98.8,"",2.3,"",8.0,""
"249220180","KOMAÑCZA","2023","12","25",4.4,"",96.5,"",2.3,"",8.0,""
"249220180","KOMAÑCZA","2023","12","26",6.0,"",92.3,"",1.7,"",6.3,""
"249220180","KOMAÑCZA","2023","12","27",1.0,"",74.3,"",2.7,"",2.7,""
"249220180","KOMAÑCZA","2023","12","28",3.0,"",79.8,"",4.0,"",5.0,""
"249220180","KOMAÑCZA","2023","12","29",4.7,"",90.5,"",2.3,"",7.7,""
"249220180","KOMAÑCZA","2023","12","30",4.0,"",95.3,"",2.0,"",8.0,""
"249220180","KOMAÑCZA","2023","12","31",3.5,"",95.8,"",3.0,"",8.0,""
"250180580","DRONIOWICE","2023","12","01",-4.3,"",95.3,"",.7,"",8.0,""
"250180580","DRONIOWICE","2023","12","02",-3.0,"",93.0,"",3.0,"",8.0,""
"250180580","DRONIOWICE","2023","12","03",-4.5,"",92.8,"",5.3,"",8.0,""
"250180580","DRONIOWICE","2023","12","04",-7.1,"",91.0,"",2.0,"",7.0,""
"250180580","DRONIOWICE","2023","12","05",-5.0,"",84.0,"",1.0,"",7.0,""
"250180580","DRONIOWICE","2023","12","06",-3.1,"",91.5,"",2.0,"",8.0,""
"250180580","DRONIOWICE","2023","12","07",-2.3,"",97.5,"",.7,"",8.0,""
"250180580","DRONIOWICE","2023","12","08",-1.7,"",96.5,"",2.7,"",8.0,""
"250180580","DRONIOWICE","2023","12","09",-.8,"",93.8,"",3.3,"",8.0,""
"250180580","DRONIOWICE","2023","12","10",.3,"",98.0,"",3.7,"",8.0,""
"250180580","DRONIOWICE","2023","12","11",3.8,"",83.8,"",4.3,"",6.7,""
"250180580","DRONIOWICE","2023","12","12",4.8,"",95.5,"",3.7,"",8.0,""
"250180580","DRONIOWICE","2023","12","13",3.7,"",94.8,"",1.7,"",8.0,""
"250180580","DRONIOWICE","2023","12","14",3.0,"",99.0,"",2.3,"",8.0,""
"250180580","DRONIOWICE","2023","12","15",.2,"",94.0,"",2.7,"",8.0,""
"250180580","DRONIOWICE","2023","12","16",3.2,"",91.8,"",4.0,"",8.0,""
"250180580","DRONIOWICE","2023","12","17",3.5,"",94.8,"",4.3,"",7.0,""
"250180580","DRONIOWICE","2023","12","18",4.7,"",83.8,"",4.0,"",5.7,""
"250180580","DRONIOWICE","2023","12","19",6.0,"",65.0,"",4.0,"",6.0,""
"250180580","DRONIOWICE","2023","12","20",4.9,"",92.5,"",6.0,"",8.0,""
"250180580","DRONIOWICE","2023","12","21",4.1,"",93.3,"",6.3,"",8.0,""
"250180580","DRONIOWICE","2023","12","22",2.3,"",76.8,"",9.0,"",6.0,""
"250180580","DRONIOWICE","2023","12","23",.2,"",90.0,"",6.3,"",7.7,""
"250180580","DRONIOWICE","2023","12","24",2.2,"",97.8,"",4.3,"",8.0,""
"250180580","DRONIOWICE","2023","12","25",8.4,"",83.5,"",7.7,"",7.7,""
"250180580","DRONIOWICE","2023","12","26",7.6,"",82.0,"",6.7,"",7.0,""
"250180580","DRONIOWICE","2023","12","27",2.7,"",82.0,"",3.7,"",5.0,""
"250180580","DRONIOWICE","2023","12","28",5.1,"",80.0,"",4.0,"",6.7,""
"250180580","DRONIOWICE","2023","12","29",6.2,"",80.5,"",4.3,"",6.0,""
"250180580","DRONIOWICE","2023","12","30",5.8,"",83.5,"",3.7,"",7.7,""
"250180580","DRONIOWICE","2023","12","31",2.9,"",92.5,"",2.0,"",6.7,""
"250190160","LGOTA GÓRNA","2023","12","01",-3.4,"",.0,"8",.0,"8",8.0,""
"250190160","LGOTA GÓRNA","2023","12","02",-3.2,"",.0,"8",.0,"8",8.0,""
"250190160","LGOTA GÓRNA","2023","12","03",-4.1,"",.0,"8",.0,"8",8.0,""
"250190160","LGOTA GÓRNA","2023","12","04",-5.8,"",.0,"8",.0,"8",8.0,""
"250190160","LGOTA GÓRNA","2023","12","05",-4.1,"",.0,"8",.0,"8",6.0,""
"250190160","LGOTA GÓRNA","2023","12","06",-3.6,"",.0,"8",.0,"8",8.0,""
"250190160","LGOTA GÓRNA","2023","12","07",-2.6,"",.0,"8",.0,"8",8.0,""
"250190160","LGOTA GÓRNA","2023","12","08",-2.5,"",.0,"8",.0,"8",8.0,""
"250190160","LGOTA GÓRNA","2023","12","09",-2.0,"",.0,"8",.0,"8",8.0,""
"250190160","LGOTA GÓRNA","2023","12","10",-.9,"",.0,"8",.0,"8",8.0,""
"250190160","LGOTA GÓRNA","2023","12","11",3.5,"",.0,"8",.0,"8",6.0,""
"250190160","LGOTA GÓRNA","2023","12","12",4.3,"",.0,"8",.0,"8",8.0,""
"250190160","LGOTA GÓRNA","2023","12","13",3.0,"",.0,"8",.0,"8",8.0,""
"250190160","LGOTA GÓRNA","2023","12","14",2.5,"",.0,"8",.0,"8",8.0,""
"250190160","LGOTA GÓRNA","2023","12","15",.2,"",.0,"8",.0,"8",8.0,""
"250190160","LGOTA GÓRNA","2023","12","16",2.3,"",.0,"8",.0,"8",8.0,""
"250190160","LGOTA GÓRNA","2023","12","17",3.2,"",.0,"8",.0,"8",8.0,""
"250190160","LGOTA GÓRNA","2023","12","18",5.3,"",.0,"8",.0,"8",7.3,""
"250190160","LGOTA GÓRNA","2023","12","19",6.5,"",.0,"8",.0,"8",8.0,""
"250190160","LGOTA GÓRNA","2023","12","20",4.6,"",.0,"8",.0,"8",8.0,""
"250190160","LGOTA GÓRNA","2023","12","21",3.6,"",.0,"8",.0,"8",8.0,""
"250190160","LGOTA GÓRNA","2023","12","22",2.2,"",.0,"8",.0,"8",8.0,""
"250190160","LGOTA GÓRNA","2023","12","23",.0,"",.0,"8",.0,"8",8.0,""
"250190160","LGOTA GÓRNA","2023","12","24",1.8,"",.0,"8",.0,"8",8.0,""
"250190160","LGOTA GÓRNA","2023","12","25",7.8,"",.0,"8",.0,"8",8.0,""
"250190160","LGOTA GÓRNA","2023","12","26",7.5,"",.0,"8",.0,"8",8.0,""
"250190160","LGOTA GÓRNA","2023","12","27",2.1,"",.0,"8",.0,"8",6.7,""
"250190160","LGOTA GÓRNA","2023","12","28",4.8,"",.0,"8",.0,"8",8.0,""
"250190160","LGOTA GÓRNA","2023","12","29",6.5,"",.0,"8",.0,"8",8.0,""
"250190160","LGOTA GÓRNA","2023","12","30",6.3,"",.0,"8",.0,"8",8.0,""
"250190160","LGOTA GÓRNA","2023","12","31",3.1,"",.0,"8",.0,"8",8.0,""
"250190390","KRAKÓW-OBSERWATORIUM","2023","12","01",-.3,"",83.8,"",.7,"",8.0,""
"250190390","KRAKÓW-OBSERWATORIUM","2023","12","02",-1.8,"",97.0,"",2.3,"",8.0,""
"250190390","KRAKÓW-OBSERWATORIUM","2023","12","03",-2.8,"",87.8,"",2.7,"",7.7,""
"250190390","KRAKÓW-OBSERWATORIUM","2023","12","04",-3.2,"",84.0,"",1.3,"",5.0,""
"250190390","KRAKÓW-OBSERWATORIUM","2023","12","05",-4.2,"",83.0,"",1.0,"",3.7,""
"250190390","KRAKÓW-OBSERWATORIUM","2023","12","06",-4.6,"",89.8,"",1.0,"",8.0,""
"250190390","KRAKÓW-OBSERWATORIUM","2023","12","07",-2.1,"",93.8,"",1.0,"",8.0,""
"250190390","KRAKÓW-OBSERWATORIUM","2023","12","08",-1.6,"",94.0,"",1.3,"",8.0,""
"250190390","KRAKÓW-OBSERWATORIUM","2023","12","09",-2.7,"",93.0,"",1.0,"",8.0,""
"250190390","KRAKÓW-OBSERWATORIUM","2023","12","10",-1.1,"",91.8,"",.0,"",7.3,""
"250190390","KRAKÓW-OBSERWATORIUM","2023","12","11",3.4,"",84.0,"",1.0,"",6.3,""
"250190390","KRAKÓW-OBSERWATORIUM","2023","12","12",5.2,"",83.5,"",1.7,"",7.3,""
"250190390","KRAKÓW-OBSERWATORIUM","2023","12","13",2.9,"",87.5,"",1.0,"",8.0,""
"250190390","KRAKÓW-OBSERWATORIUM","2023","12","14",3.7,"",98.0,"",.7,"",8.0,""
"250190390","KRAKÓW-OBSERWATORIUM","2023","12","15",1.3,"",81.8,"",1.3,"",7.7,""
"250190390","KRAKÓW-OBSERWATORIUM","2023","12","16",3.1,"",83.0,"",1.3,"",8.0,""
"250190390","KRAKÓW-OBSERWATORIUM","2023","12","17",5.4,"",78.3,"",2.7,"",5.3,""
"250190390","KRAKÓW-OBSERWATORIUM","2023","12","18",7.0,"",66.0,"",2.3,"",2.0,""
"250190390","KRAKÓW-OBSERWATORIUM","2023","12","19",7.0,"",53.8,"",1.0,"",4.0,""
"250190390","KRAKÓW-OBSERWATORIUM","2023","12","20",5.5,"",79.8,"",4.0,"",7.7,""
"250190390","KRAKÓW-OBSERWATORIUM","2023","12","21",5.4,"",70.5,"",2.3,"",7.7,""
"250190390","KRAKÓW-OBSERWATORIUM","2023","12","22",2.8,"",83.3,"",3.3,"",7.3,""
"250190390","KRAKÓW-OBSERWATORIUM","2023","12","23",1.0,"",70.5,"",4.0,"",5.7,""
"250190390","KRAKÓW-OBSERWATORIUM","2023","12","24",3.4,"",93.3,"",.7,"",7.7,""
"250190390","KRAKÓW-OBSERWATORIUM","2023","12","25",9.8,"",73.8,"",4.7,"",7.0,""
"250190390","KRAKÓW-OBSERWATORIUM","2023","12","26",9.6,"",78.0,"",3.0,"",6.7,""
"250190390","KRAKÓW-OBSERWATORIUM","2023","12","27",4.0,"",68.0,"",2.7,"",1.0,""
"250190390","KRAKÓW-OBSERWATORIUM","2023","12","28",3.4,"",81.8,"",1.0,"",3.7,""
"250190390","KRAKÓW-OBSERWATORIUM","2023","12","29",6.8,"",79.5,"",1.3,"",6.3,""
"250190390","KRAKÓW-OBSERWATORIUM","2023","12","30",7.6,"",75.0,"",2.3,"",7.3,""
"250190390","KRAKÓW-OBSERWATORIUM","2023","12","31",3.3,"",87.5,"",.7,"",4.0,""
"250210130","STASZÓW","2023","12","01",-2.9,"",.0,"8",.3,"",8.0,""
"250210130","STASZÓW","2023","12","02",-2.7,"",.0,"8",5.0,"",8.0,""
"250210130","STASZÓW","2023","12","03",-2.5,"",.0,"8",3.0,"",8.0,""
"250210130","STASZÓW","2023","12","04",-7.1,"",.0,"8",1.7,"",2.7,""
"250210130","STASZÓW","2023","12","05",-5.3,"",.0,"8",1.3,"",2.0,""
"250210130","STASZÓW","2023","12","06",-6.3,"",.0,"8",2.3,"",8.0,""
"250210130","STASZÓW","2023","12","07",-.8,"",.0,"8",2.0,"",8.0,""
"250210130","STASZÓW","2023","12","08",-2.8,"",.0,"8",2.7,"",8.0,""
"250210130","STASZÓW","2023","12","09",-2.4,"",.0,"8",.7,"",8.0,""
"250210130","STASZÓW","2023","12","10",-2.5,"",.0,"8",.3,"",7.7,""
"250210130","STASZÓW","2023","12","11",2.1,"",.0,"8",2.3,"",7.7,""
"250210130","STASZÓW","2023","12","12",3.5,"",.0,"8",2.7,"",8.0,""
"250210130","STASZÓW","2023","12","13",1.6,"",.0,"8",1.3,"",8.0,""
"250210130","STASZÓW","2023","12","14",2.1,"",.0,"8",.3,"",7.7,""
"250210130","STASZÓW","2023","12","15",1.0,"",.0,"8",2.0,"",8.0,""
"250210130","STASZÓW","2023","12","16",2.9,"",.0,"8",3.3,"",8.0,""
"250210130","STASZÓW","2023","12","17",5.3,"",.0,"8",4.3,"",8.0,""
"250210130","STASZÓW","2023","12","18",5.8,"",.0,"8",3.0,"",5.0,""
"250210130","STASZÓW","2023","12","19",5.2,"",.0,"8",2.3,"",4.3,""
"250210130","STASZÓW","2023","12","20",3.3,"",.0,"8",4.0,"",6.3,""
"250210130","STASZÓW","2023","12","21",4.0,"",.0,"8",4.7,"",7.7,""
"250210130","STASZÓW","2023","12","22",2.4,"",.0,"8",6.3,"",7.0,""
"250210130","STASZÓW","2023","12","23",.8,"",.0,"8",6.0,"",8.0,""
"250210130","STASZÓW","2023","12","24",1.3,"",.0,"8",2.3,"",8.0,""
"250210130","STASZÓW","2023","12","25",7.5,"",.0,"8",5.7,"",6.0,""
"250210130","STASZÓW","2023","12","26",8.5,"",.0,"8",4.3,"",6.3,""
"250210130","STASZÓW","2023","12","27",1.6,"",.0,"8",4.0,"",1.7,""
"250210130","STASZÓW","2023","12","28",2.5,"",.0,"8",1.3,"",3.7,""
"250210130","STASZÓW","2023","12","29",5.5,"",.0,"8",2.0,"",5.0,""
"250210130","STASZÓW","2023","12","30",6.2,"",.0,"8",2.0,"",6.3,""
"250210130","STASZÓW","2023","12","31",1.1,"",.0,"8",1.3,"",8.0,""
"250220120","JAROCIN","2023","12","01",-2.0,"",.0,"8",.0,"",8.0,""
"250220120","JAROCIN","2023","12","02",-1.7,"",.0,"8",2.7,"",8.0,""
"250220120","JAROCIN","2023","12","03",-2.3,"",.0,"8",4.0,"",8.0,""
"250220120","JAROCIN","2023","12","04",-6.9,"",.0,"8",1.3,"",4.0,""
"250220120","JAROCIN","2023","12","05",-6.0,"",.0,"8",1.0,"",4.0,""
"250220120","JAROCIN","2023","12","06",-5.6,"",.0,"8",1.0,"",4.0,""
"250220120","JAROCIN","2023","12","07",-.8,"",.0,"8",1.3,"",8.0,""
"250220120","JAROCIN","2023","12","08",-3.4,"",.0,"8",1.7,"",8.0,""
"250220120","JAROCIN","2023","12","09",-2.2,"",.0,"8",1.0,"",8.0,""
"250220120","JAROCIN","2023","12","10",-1.7,"",.0,"8",2.3,"",7.3,""
"250220120","JAROCIN","2023","12","11",1.5,"",.0,"8",3.0,"",8.0,""
"250220120","JAROCIN","2023","12","12",3.6,"",.0,"8",2.7,"",8.0,""
"250220120","JAROCIN","2023","12","13",1.8,"",.0,"8",1.0,"",8.0,""
"250220120","JAROCIN","2023","12","14",1.9,"",.0,"8",2.7,"",8.0,""
"250220120","JAROCIN","2023","12","15",1.1,"",.0,"8",2.7,"",8.0,""
"250220120","JAROCIN","2023","12","16",2.8,"",.0,"8",3.0,"",8.0,""
"250220120","JAROCIN","2023","12","17",5.2,"",.0,"8",.0,"",8.0,""
"250220120","JAROCIN","2023","12","18",5.8,"",.0,"8",2.3,"",4.0,""
"250220120","JAROCIN","2023","12","19",4.7,"",.0,"8",2.3,"",4.3,""
"250220120","JAROCIN","2023","12","20",3.4,"",.0,"8",2.7,"",6.3,""
"250220120","JAROCIN","2023","12","21",3.6,"",.0,"8",5.0,"",6.7,""
"250220120","JAROCIN","2023","12","22",2.3,"",.0,"8",5.7,"",5.7,""
"250220120","JAROCIN","2023","12","23",.7,"",.0,"8",5.3,"",7.3,""
"250220120","JAROCIN","2023","12","24",.9,"",.0,"8",2.3,"",7.3,""
"250220120","JAROCIN","2023","12","25",7.5,"",.0,"8",.0,"",6.0,""
"250220120","JAROCIN","2023","12","26",9.2,"",.0,"8",.0,"",6.3,""
"250220120","JAROCIN","2023","12","27",2.5,"",.0,"8",3.3,"",3.7,""
"250220120","JAROCIN","2023","12","28",3.3,"",.0,"8",1.7,"",3.3,""
"250220120","JAROCIN","2023","12","29",5.9,"",.0,"8",1.7,"",4.0,""
"250220120","JAROCIN","2023","12","30",5.7,"",.0,"8",3.0,"",6.0,""
"250220120","JAROCIN","2023","12","31",2.2,"",.0,"8",1.0,"",3.3,""
"250230160","CIESZANÓW","2023","12","01",-1.6,"",96.8,"",1.0,"",8.0,""
"250230160","CIESZANÓW","2023","12","02",-.6,"",97.8,"",3.3,"",8.0,""
"250230160","CIESZANÓW","2023","12","03",-2.1,"",89.3,"",5.3,"",8.0,""
"250230160","CIESZANÓW","2023","12","04",-7.9,"",86.0,"",2.7,"",6.7,""
"250230160","CIESZANÓW","2023","12","05",-6.5,"",88.5,"",2.0,"",7.0,""
"250230160","CIESZANÓW","2023","12","06",-7.3,"",90.0,"",1.7,"",7.0,""
"250230160","CIESZANÓW","2023","12","07",-1.1,"",93.5,"",2.7,"",7.7,""
"250230160","CIESZANÓW","2023","12","08",-3.2,"",90.8,"",2.0,"",8.0,""
"250230160","CIESZANÓW","2023","12","09",-3.8,"",95.3,"",3.3,"",8.0,""
"250230160","CIESZANÓW","2023","12","10",-3.8,"",93.3,"",2.7,"",8.0,""
"250230160","CIESZANÓW","2023","12","11",-.3,"",90.8,"",3.7,"",8.0,""
"250230160","CIESZANÓW","2023","12","12",2.5,"",97.8,"",4.3,"",8.0,""
"250230160","CIESZANÓW","2023","12","13",1.6,"",97.0,"",1.0,"",8.0,""
"250230160","CIESZANÓW","2023","12","14",1.5,"",97.8,"",2.7,"",8.0,""
"250230160","CIESZANÓW","2023","12","15",.9,"",93.3,"",4.0,"",7.3,""
"250230160","CIESZANÓW","2023","12","16",2.4,"",92.8,"",4.3,"",8.0,""
"250230160","CIESZANÓW","2023","12","17",4.4,"",81.3,"",6.3,"",8.0,""
"250230160","CIESZANÓW","2023","12","18",5.1,"",76.3,"",5.3,"",5.7,""
"250230160","CIESZANÓW","2023","12","19",4.4,"",76.0,"",4.0,"",5.3,""
"250230160","CIESZANÓW","2023","12","20",3.8,"",78.0,"",4.7,"",7.7,""
"250230160","CIESZANÓW","2023","12","21",3.3,"",84.5,"",7.3,"",7.7,""
"250230160","CIESZANÓW","2023","12","22",2.3,"",81.3,"",6.7,"",6.7,""
"250230160","CIESZANÓW","2023","12","23",.9,"",67.0,"",9.0,"",8.0,""
"250230160","CIESZANÓW","2023","12","24",.7,"",87.8,"",4.3,"",7.3,""
"250230160","CIESZANÓW","2023","12","25",7.0,"",90.0,"",7.0,"",7.3,""
"250230160","CIESZANÓW","2023","12","26",9.0,"",87.8,"",7.0,"",7.3,""
"250230160","CIESZANÓW","2023","12","27",3.1,"",85.8,"",6.3,"",6.0,""
"250230160","CIESZANÓW","2023","12","28",3.2,"",86.0,"",3.3,"",6.3,""
"250230160","CIESZANÓW","2023","12","29",6.5,"",83.8,"",5.0,"",7.0,""
"250230160","CIESZANÓW","2023","12","30",5.7,"",83.5,"",5.7,"",6.3,""
"250230160","CIESZANÓW","2023","12","31",3.5,"",93.0,"",2.3,"",6.7,""
"251150060","CEBER","2023","12","01",-3.3,"",.0,"8",.0,"8",8.0,""
"251150060","CEBER","2023","12","02",-3.5,"",.0,"8",.0,"8",8.0,""
"251150060","CEBER","2023","12","03",-2.9,"",.0,"8",.0,"8",8.0,""
"251150060","CEBER","2023","12","04",-8.0,"",.0,"8",.0,"8",5.3,""
"251150060","CEBER","2023","12","05",-2.6,"",.0,"8",.0,"8",8.0,""
"251150060","CEBER","2023","12","06",-3.1,"",.0,"8",.0,"8",8.0,""
"251150060","CEBER","2023","12","07",-.5,"",.0,"8",.0,"8",8.0,""
"251150060","CEBER","2023","12","08",-.5,"",.0,"8",.0,"8",8.0,""
"251150060","CEBER","2023","12","09",1.2,"",.0,"8",.0,"8",8.0,""
"251150060","CEBER","2023","12","10",3.6,"",.0,"8",.0,"8",8.0,""
"251150060","CEBER","2023","12","11",7.7,"",.0,"8",.0,"8",7.7,""
"251150060","CEBER","2023","12","12",6.1,"",.0,"8",.0,"8",8.0,""
"251150060","CEBER","2023","12","13",4.5,"",.0,"8",.0,"8",7.7,""
"251150060","CEBER","2023","12","14",3.6,"",.0,"8",.0,"8",8.0,""
"251150060","CEBER","2023","12","15",1.9,"",.0,"8",.0,"8",8.0,""
"251150060","CEBER","2023","12","16",5.5,"",.0,"8",.0,"8",8.0,""
"251150060","CEBER","2023","12","17",6.4,"",.0,"8",.0,"8",5.3,""
"251150060","CEBER","2023","12","18",6.2,"",.0,"8",.0,"8",6.0,""
"251150060","CEBER","2023","12","19",6.1,"",.0,"8",.0,"8",8.0,""
"251150060","CEBER","2023","12","20",5.7,"",.0,"8",.0,"8",6.3,""
"251150060","CEBER","2023","12","21",6.6,"",.0,"8",.0,"8",8.0,""
"251150060","CEBER","2023","12","22",4.3,"",.0,"8",.0,"8",6.3,""
"251150060","CEBER","2023","12","23",1.5,"",.0,"8",.0,"8",5.7,""
"251150060","CEBER","2023","12","24",5.4,"",.0,"8",.0,"8",8.0,""
"251150060","CEBER","2023","12","25",10.3,"",.0,"8",.0,"8",7.7,""
"251150060","CEBER","2023","12","26",9.6,"",.0,"8",.0,"8",6.7,""
"251150060","CEBER","2023","12","27",3.8,"",.0,"8",.0,"8",5.0,""
"251150060","CEBER","2023","12","28",5.8,"",.0,"8",.0,"8",4.3,""
"251150060","CEBER","2023","12","29",8.1,"",.0,"8",.0,"8",6.3,""
"251150060","CEBER","2023","12","30",6.2,"",.0,"8",.0,"8",7.3,""
"251150060","CEBER","2023","12","31",3.3,"",.0,"8",.0,"8",7.3,""
"251160320","RADZYÑ","2023","12","01",-3.5,"",93.0,"",.7,"",6.3,""
"251160320","RADZYÑ","2023","12","02",-3.6,"",92.8,"",1.7,"",8.0,""
"251160320","RADZYÑ","2023","12","03",-2.6,"",91.3,"",1.7,"",5.3,""
"251160320","RADZYÑ","2023","12","04",-6.0,"",84.5,"",2.0,"",6.0,""
"251160320","RADZYÑ","2023","12","05",-2.2,"",80.0,"",3.3,"",7.7,""
"251160320","RADZYÑ","2023","12","06",-2.3,"",88.0,"",1.7,"",7.7,""
"251160320","RADZYÑ","2023","12","07",-.3,"",94.8,"",.3,"",8.0,""
"251160320","RADZYÑ","2023","12","08",-.4,"",95.0,"",2.7,"",8.0,""
"251160320","RADZYÑ","2023","12","09",1.2,"",95.0,"",1.0,"",8.0,""
"251160320","RADZYÑ","2023","12","10",3.5,"",96.0,"",2.0,"",8.0,""
"251160320","RADZYÑ","2023","12","11",6.9,"",87.8,"",2.0,"",7.0,""
"251160320","RADZYÑ","2023","12","12",5.5,"",96.0,"",.7,"",8.0,""
"251160320","RADZYÑ","2023","12","13",4.2,"",97.5,"",1.7,"",7.7,""
"251160320","RADZYÑ","2023","12","14",3.1,"",96.0,"",1.3,"",8.0,""
"251160320","RADZYÑ","2023","12","15",1.7,"",95.8,"",1.7,"",8.0,""
"251160320","RADZYÑ","2023","12","16",5.9,"",88.3,"",2.0,"",8.0,""
"251160320","RADZYÑ","2023","12","17",6.4,"",87.8,"",2.3,"",6.7,""
"251160320","RADZYÑ","2023","12","18",6.8,"",81.3,"",3.0,"",6.7,""
"251160320","RADZYÑ","2023","12","19",6.2,"",68.8,"",2.0,"",8.0,""
"251160320","RADZYÑ","2023","12","20",5.6,"",91.3,"",3.0,"",7.0,""
"251160320","RADZYÑ","2023","12","21",6.3,"",94.5,"",3.3,"",7.3,""
"251160320","RADZYÑ","2023","12","22",4.5,"",66.8,"",4.7,"",7.0,""
"251160320","RADZYÑ","2023","12","23",1.5,"",82.8,"",3.0,"",6.3,""
"251160320","RADZYÑ","2023","12","24",5.1,"",96.0,"",2.3,"",8.0,""
"251160320","RADZYÑ","2023","12","25",9.9,"",88.3,"",3.0,"",7.0,""
"251160320","RADZYÑ","2023","12","26",9.6,"",78.3,"",3.7,"",5.0,""
"251160320","RADZYÑ","2023","12","27",3.8,"",82.8,"",1.7,"",5.7,""
"251160320","RADZYÑ","2023","12","28",5.2,"",72.8,"",2.0,"",6.0,""
"251160320","RADZYÑ","2023","12","29",7.5,"",76.3,"",3.0,"",5.3,""
"251160320","RADZYÑ","2023","12","30",6.1,"",89.5,"",1.7,"",5.3,""
"251160320","RADZYÑ","2023","12","31",3.6,"",91.0,"",1.3,"",7.3,""
"251190050","PUCZNIEW","2023","12","01",.0,"8",.0,"8",.0,"8",.0,"8"
"251190050","PUCZNIEW","2023","12","02",.0,"8",.0,"8",.0,"8",.0,"8"
"251190050","PUCZNIEW","2023","12","03",.0,"8",.0,"8",.0,"8",.0,"8"
"251190050","PUCZNIEW","2023","12","04",.0,"8",.0,"8",.0,"8",.0,"8"
"251190050","PUCZNIEW","2023","12","05",.0,"8",.0,"8",.0,"8",.0,"8"
"251190050","PUCZNIEW","2023","12","06",.0,"8",.0,"8",.0,"8",.0,"8"
"251190050","PUCZNIEW","2023","12","07",.0,"8",.0,"8",.0,"8",.0,"8"
"251190050","PUCZNIEW","2023","12","08",.0,"8",.0,"8",.0,"8",.0,"8"
"251190050","PUCZNIEW","2023","12","09",.0,"8",.0,"8",.0,"8",.0,"8"
"251190050","PUCZNIEW","2023","12","10",.0,"8",.0,"8",.0,"8",.0,"8"
"251190050","PUCZNIEW","2023","12","11",.0,"8",.0,"8",.0,"8",.0,"8"
"251190050","PUCZNIEW","2023","12","12",.0,"8",.0,"8",.0,"8",.0,"8"
"251190050","PUCZNIEW","2023","12","13",.0,"8",.0,"8",.0,"8",.0,"8"
"251190050","PUCZNIEW","2023","12","14",.0,"8",.0,"8",.0,"8",.0,"8"
"251190050","PUCZNIEW","2023","12","15",.0,"8",.0,"8",.0,"8",.0,"8"
"251190050","PUCZNIEW","2023","12","16",.0,"8",.0,"8",.0,"8",.0,"8"
"251190050","PUCZNIEW","2023","12","17",.0,"8",.0,"8",.0,"8",.0,"8"
"251190050","PUCZNIEW","2023","12","18",.0,"8",.0,"8",.0,"8",.0,"8"
"251190050","PUCZNIEW","2023","12","19",.0,"8",.0,"8",.0,"8",.0,"8"
"251190050","PUCZNIEW","2023","12","20",.0,"8",.0,"8",.0,"8",.0,"8"
"251190050","PUCZNIEW","2023","12","21",.0,"8",.0,"8",.0,"8",.0,"8"
"251190050","PUCZNIEW","2023","12","22",.0,"8",.0,"8",.0,"8",.0,"8"
"251190050","PUCZNIEW","2023","12","23",.0,"8",.0,"8",.0,"8",.0,"8"
"251190050","PUCZNIEW","2023","12","24",.0,"8",.0,"8",.0,"8",.0,"8"
"251190050","PUCZNIEW","2023","12","25",.0,"8",.0,"8",.0,"8",.0,"8"
"251190050","PUCZNIEW","2023","12","26",.0,"8",.0,"8",.0,"8",.0,"8"
"251190050","PUCZNIEW","2023","12","27",.0,"8",.0,"8",.0,"8",.0,"8"
"251190050","PUCZNIEW","2023","12","28",.0,"8",.0,"8",.0,"8",.0,"8"
"251190050","PUCZNIEW","2023","12","29",.0,"8",.0,"8",.0,"8",.0,"8"
"251190050","PUCZNIEW","2023","12","30",.0,"8",.0,"8",.0,"8",.0,"8"
"251190050","PUCZNIEW","2023","12","31",.0,"8",.0,"8",.0,"8",.0,"8"
"252150120","GORZYÑ","2023","12","01",-6.0,"",92.8,"",.3,"",2.7,""
"252150120","GORZYÑ","2023","12","02",-5.8,"",93.0,"",.3,"",6.0,""
"252150120","GORZYÑ","2023","12","03",-2.3,"",97.0,"",1.0,"",3.7,""
"252150120","GORZYÑ","2023","12","04",-3.6,"",95.5,"",1.3,"",2.7,""
"252150120","GORZYÑ","2023","12","05",-3.3,"",92.3,"",2.7,"",4.3,""
"252150120","GORZYÑ","2023","12","06",-2.2,"",97.5,"",4.3,"",7.7,""
"252150120","GORZYÑ","2023","12","07",-1.0,"",97.5,"",1.0,"",6.3,""
"252150120","GORZYÑ","2023","12","08",-.9,"",97.0,"",1.3,"",7.0,""
"252150120","GORZYÑ","2023","12","09",1.2,"",95.5,"",.7,"",4.7,""
"252150120","GORZYÑ","2023","12","10",3.2,"",94.5,"",1.0,"",7.7,""
"252150120","GORZYÑ","2023","12","11",6.4,"",97.0,"",.7,"",7.7,""
"252150120","GORZYÑ","2023","12","12",5.1,"",95.0,"",.7,"",7.0,""
"252150120","GORZYÑ","2023","12","13",4.5,"",97.5,"",3.3,"",8.0,""
"252150120","GORZYÑ","2023","12","14",1.9,"",93.8,"",1.0,"",7.7,""
"252150120","GORZYÑ","2023","12","15",1.6,"",95.5,"",1.3,"",7.0,""
"252150120","GORZYÑ","2023","12","16",5.9,"",91.8,"",2.0,"",7.0,""
"252150120","GORZYÑ","2023","12","17",6.7,"",92.3,"",1.3,"",5.3,""
"252150120","GORZYÑ","2023","12","18",6.6,"",85.3,"",3.3,"",5.0,""
"252150120","GORZYÑ","2023","12","19",6.1,"",85.8,"",1.3,"",7.0,""
"252150120","GORZYÑ","2023","12","20",5.4,"",93.3,"",4.7,"",7.0,""
"252150120","GORZYÑ","2023","12","21",6.3,"",91.5,"",5.7,"",7.7,""
"252150120","GORZYÑ","2023","12","22",4.5,"",67.3,"",9.3,"",7.3,""
"252150120","GORZYÑ","2023","12","23",1.9,"",93.3,"",5.3,"",4.0,""
"252150120","GORZYÑ","2023","12","24",4.7,"",95.5,"",3.0,"",7.0,""
"252150120","GORZYÑ","2023","12","25",9.2,"",86.5,"",6.0,"",5.7,""
"252150120","GORZYÑ","2023","12","26",8.2,"",87.8,"",3.7,"",6.3,""
"252150120","GORZYÑ","2023","12","27",4.2,"",88.0,"",4.0,"",4.7,""
"252150120","GORZYÑ","2023","12","28",6.2,"",76.5,"",2.7,"",6.3,""
"252150120","GORZYÑ","2023","12","29",8.5,"",80.8,"",1.7,"",6.0,""
"252150120","GORZYÑ","2023","12","30",7.1,"",89.5,"",2.0,"",7.0,""
"252150120","GORZYÑ","2023","12","31",4.7,"",93.8,"",.3,"",7.3,""
"252150270","BABIMOST","2023","12","01",-5.9,"",92.5,"",.7,"",5.3,""
"252150270","BABIMOST","2023","12","02",-5.0,"",93.0,"",1.3,"",8.0,""
"252150270","BABIMOST","2023","12","03",-3.0,"",88.5,"",3.0,"",6.7,""
"252150270","BABIMOST","2023","12","04",-6.7,"",89.5,"",1.7,"",7.7,""
"252150270","BABIMOST","2023","12","05",-3.0,"",70.8,"",4.3,"",7.7,""
"252150270","BABIMOST","2023","12","06",-2.3,"",76.5,"",2.7,"",7.7,""
"252150270","BABIMOST","2023","12","07",-1.2,"",97.5,"",1.0,"",8.0,""
"252150270","BABIMOST","2023","12","08",-.5,"",98.0,"",3.3,"",8.0,""
"252150270","BABIMOST","2023","12","09",1.3,"",95.0,"",2.0,"",7.7,""
"252150270","BABIMOST","2023","12","10",3.6,"",99.3,"",3.3,"",8.0,""
"252150270","BABIMOST","2023","12","11",7.3,"",92.5,"",5.0,"",7.7,""
"252150270","BABIMOST","2023","12","12",5.1,"",99.3,"",1.7,"",8.0,""
"252150270","BABIMOST","2023","12","13",3.8,"",98.5,"",2.7,"",8.0,""
"252150270","BABIMOST","2023","12","14",2.8,"",95.0,"",1.7,"",8.0,""
"252150270","BABIMOST","2023","12","15",2.0,"",92.5,"",4.0,"",7.7,""
"252150270","BABIMOST","2023","12","16",5.8,"",91.8,"",5.3,"",8.0,""
"252150270","BABIMOST","2023","12","17",6.5,"",91.0,"",5.7,"",7.0,""
"252150270","BABIMOST","2023","12","18",6.5,"",84.0,"",5.3,"",8.0,""
"252150270","BABIMOST","2023","12","19",6.0,"",71.0,"",5.3,"",7.7,""
"252150270","BABIMOST","2023","12","20",5.6,"",94.3,"",6.0,"",7.3,""
"252150270","BABIMOST","2023","12","21",6.8,"",91.8,"",8.3,"",6.7,""
"252150270","BABIMOST","2023","12","22",4.1,"",66.8,"",8.3,"",6.0,""
"252150270","BABIMOST","2023","12","23",1.6,"",80.0,"",5.7,"",5.3,""
"252150270","BABIMOST","2023","12","24",5.0,"",96.0,"",6.0,"",8.0,""
"252150270","BABIMOST","2023","12","25",9.8,"",85.5,"",7.0,"",6.7,""
"252150270","BABIMOST","2023","12","26",9.1,"",77.5,"",8.0,"",6.0,""
"252150270","BABIMOST","2023","12","27",3.1,"",88.3,"",3.0,"",5.3,""
"252150270","BABIMOST","2023","12","28",5.6,"",78.3,"",4.0,"",6.7,""
"252150270","BABIMOST","2023","12","29",8.3,"",72.5,"",8.0,"",7.0,""
"252150270","BABIMOST","2023","12","30",6.8,"",82.5,"",6.3,"",6.3,""
"252150270","BABIMOST","2023","12","31",2.3,"",94.8,"",2.0,"",7.0,""
"252160230","WIELICHOWO","2023","12","01",-6.1,"",.0,"8",.0,"8",6.3,""
"252160230","WIELICHOWO","2023","12","02",-4.2,"",.0,"8",.0,"8",8.0,""
"252160230","WIELICHOWO","2023","12","03",-2.6,"",.0,"8",.0,"8",5.3,""
"252160230","WIELICHOWO","2023","12","04",-5.2,"",.0,"8",.0,"8",6.0,""
"252160230","WIELICHOWO","2023","12","05",-4.4,"",.0,"8",.0,"8",7.7,""
"252160230","WIELICHOWO","2023","12","06",-3.2,"",.0,"8",.0,"8",7.7,""
"252160230","WIELICHOWO","2023","12","07",-1.3,"",.0,"8",.0,"8",8.0,""
"252160230","WIELICHOWO","2023","12","08",-1.2,"",.0,"8",.0,"8",8.0,""
"252160230","WIELICHOWO","2023","12","09",.6,"",.0,"8",.0,"8",7.7,""
"252160230","WIELICHOWO","2023","12","10",3.0,"",.0,"8",.0,"8",7.7,""
"252160230","WIELICHOWO","2023","12","11",7.1,"",.0,"8",.0,"8",7.3,""
"252160230","WIELICHOWO","2023","12","12",5.0,"",.0,"8",.0,"8",8.0,""
"252160230","WIELICHOWO","2023","12","13",3.5,"",.0,"8",.0,"8",8.0,""
"252160230","WIELICHOWO","2023","12","14",2.8,"",.0,"8",.0,"8",8.0,""
"252160230","WIELICHOWO","2023","12","15",1.7,"",.0,"8",.0,"8",7.7,""
"252160230","WIELICHOWO","2023","12","16",5.6,"",.0,"8",.0,"8",7.7,""
"252160230","WIELICHOWO","2023","12","17",6.5,"",.0,"8",.0,"8",7.0,""
"252160230","WIELICHOWO","2023","12","18",6.2,"",.0,"8",.0,"8",7.7,""
"252160230","WIELICHOWO","2023","12","19",5.9,"",.0,"8",.0,"8",8.0,""
"252160230","WIELICHOWO","2023","12","20",5.2,"",.0,"8",.0,"8",7.3,""
"252160230","WIELICHOWO","2023","12","21",6.3,"",.0,"8",.0,"8",8.0,""
"252160230","WIELICHOWO","2023","12","22",4.0,"",.0,"8",.0,"8",5.0,""
"252160230","WIELICHOWO","2023","12","23",1.3,"",.0,"8",.0,"8",3.3,""
"252160230","WIELICHOWO","2023","12","24",5.0,"",.0,"8",.0,"8",8.0,""
"252160230","WIELICHOWO","2023","12","25",9.2,"",.0,"8",.0,"8",3.0,""
"252160230","WIELICHOWO","2023","12","26",9.0,"",.0,"8",.0,"8",4.7,""
"252160230","WIELICHOWO","2023","12","27",3.1,"",.0,"8",.0,"8",2.3,""
"252160230","WIELICHOWO","2023","12","28",4.9,"",.0,"8",.0,"8",4.7,""
"252160230","WIELICHOWO","2023","12","29",7.8,"",.0,"8",.0,"8",3.7,""
"252160230","WIELICHOWO","2023","12","30",6.3,"",.0,"8",.0,"8",4.3,""
"252160230","WIELICHOWO","2023","12","31",2.8,"",.0,"8",.0,"8",5.0,""
"252180080","KO£UDA WIELKA","2023","12","01",-4.3,"",.0,"8",.0,"8",8.0,""
"252180080","KO£UDA WIELKA","2023","12","02",-2.3,"",.0,"8",.0,"8",8.0,""
"252180080","KO£UDA WIELKA","2023","12","03",-.8,"",.0,"8",.0,"8",8.0,""
"252180080","KO£UDA WIELKA","2023","12","04",-3.3,"",.0,"8",.0,"8",8.0,""
"252180080","KO£UDA WIELKA","2023","12","05",-5.6,"",.0,"8",.0,"8",8.0,""
"252180080","KO£UDA WIELKA","2023","12","06",-3.5,"",.0,"8",.0,"8",8.0,""
"252180080","KO£UDA WIELKA","2023","12","07",-1.4,"",.0,"8",.0,"8",8.0,""
"252180080","KO£UDA WIELKA","2023","12","08",-.6,"",.0,"8",.0,"8",8.0,""
"252180080","KO£UDA WIELKA","2023","12","09",-.7,"",.0,"8",.0,"8",8.0,""
"252180080","KO£UDA WIELKA","2023","12","10",1.0,"",.0,"8",.0,"8",8.0,""
"252180080","KO£UDA WIELKA","2023","12","11",4.8,"",.0,"8",.0,"8",8.0,""
"252180080","KO£UDA WIELKA","2023","12","12",3.9,"",.0,"8",.0,"8",8.0,""
"252180080","KO£UDA WIELKA","2023","12","13",3.7,"",.0,"8",.0,"8",8.0,""
"252180080","KO£UDA WIELKA","2023","12","14",2.2,"",.0,"8",.0,"8",8.0,""
"252180080","KO£UDA WIELKA","2023","12","15",1.7,"",.0,"8",.0,"8",8.0,""
"252180080","KO£UDA WIELKA","2023","12","16",4.8,"",.0,"8",.0,"8",8.0,""
"252180080","KO£UDA WIELKA","2023","12","17",7.5,"",.0,"8",.0,"8",8.0,""
"252180080","KO£UDA WIELKA","2023","12","18",6.7,"",.0,"8",.0,"8",8.0,""
"252180080","KO£UDA WIELKA","2023","12","19",5.7,"",.0,"8",.0,"8",8.0,""
"252180080","KO£UDA WIELKA","2023","12","20",5.1,"",.0,"8",.0,"8",8.0,""
"252180080","KO£UDA WIELKA","2023","12","21",4.7,"",.0,"8",.0,"8",8.0,""
"252180080","KO£UDA WIELKA","2023","12","22",3.1,"",.0,"8",.0,"8",8.0,""
"252180080","KO£UDA WIELKA","2023","12","23",1.2,"",.0,"8",.0,"8",8.0,""
"252180080","KO£UDA WIELKA","2023","12","24",1.7,"",.0,"8",.0,"8",8.0,""
"252180080","KO£UDA WIELKA","2023","12","25",7.7,"",.0,"8",.0,"8",8.0,""
"252180080","KO£UDA WIELKA","2023","12","26",7.4,"",.0,"8",.0,"8",8.0,""
"252180080","KO£UDA WIELKA","2023","12","27",3.2,"",.0,"8",.0,"8",8.0,""
"252180080","KO£UDA WIELKA","2023","12","28",4.3,"",.0,"8",.0,"8",8.0,""
"252180080","KO£UDA WIELKA","2023","12","29",6.6,"",.0,"8",.0,"8",8.0,""
"252180080","KO£UDA WIELKA","2023","12","30",6.6,"",.0,"8",.0,"8",8.0,""
"252180080","KO£UDA WIELKA","2023","12","31",3.5,"",.0,"8",.0,"8",5.3,""
"252230120","BIA£OWIE¯A","2023","12","01",-5.1,"",92.0,"",2.0,"",.0,"8"
"252230120","BIA£OWIE¯A","2023","12","02",-5.0,"",97.3,"",1.0,"",.0,"8"
"252230120","BIA£OWIE¯A","2023","12","03",-2.8,"",93.8,"",2.7,"",.0,"8"
"252230120","BIA£OWIE¯A","2023","12","04",-3.2,"",87.0,"",3.0,"",.0,"8"
"252230120","BIA£OWIE¯A","2023","12","05",-6.3,"",89.8,"",2.3,"",.0,"8"
"252230120","BIA£OWIE¯A","2023","12","06",-3.8,"",90.8,"",3.0,"",.0,"8"
"252230120","BIA£OWIE¯A","2023","12","07",-4.4,"",87.3,"",4.7,"",.0,"8"
"252230120","BIA£OWIE¯A","2023","12","08",-6.0,"",87.0,"",2.0,"",.0,"8"
"252230120","BIA£OWIE¯A","2023","12","09",-4.8,"",92.8,"",2.3,"",.0,"8"
"252230120","BIA£OWIE¯A","2023","12","10",-3.8,"",91.5,"",3.0,"",.0,"8"
"252230120","BIA£OWIE¯A","2023","12","11",-.3,"",95.5,"",3.3,"",.0,"8"
"252230120","BIA£OWIE¯A","2023","12","12",1.1,"",98.5,"",1.7,"",.0,"8"
"252230120","BIA£OWIE¯A","2023","12","13",.9,"",100.0,"",2.0,"",.0,"8"
"252230120","BIA£OWIE¯A","2023","12","14",.9,"",100.0,"",1.7,"",.0,"8"
"252230120","BIA£OWIE¯A","2023","12","15",-.4,"",92.5,"",1.7,"",.0,"8"
"252230120","BIA£OWIE¯A","2023","12","16",2.7,"",96.3,"",4.0,"",.0,"8"
"252230120","BIA£OWIE¯A","2023","12","17",6.0,"",96.5,"",4.0,"",.0,"8"
"252230120","BIA£OWIE¯A","2023","12","18",6.2,"",95.0,"",4.3,"",.0,"8"
"252230120","BIA£OWIE¯A","2023","12","19",5.2,"",97.0,"",3.7,"",.0,"8"
"252230120","BIA£OWIE¯A","2023","12","20",4.2,"",97.0,"",2.3,"",.0,"8"
"252230120","BIA£OWIE¯A","2023","12","21",2.3,"",94.8,"",4.3,"",.0,"8"
"252230120","BIA£OWIE¯A","2023","12","22",2.0,"",86.8,"",4.7,"",.0,"8"
"252230120","BIA£OWIE¯A","2023","12","23",-.8,"",94.0,"",5.0,"",.0,"8"
"252230120","BIA£OWIE¯A","2023","12","24",-1.1,"",86.5,"",3.0,"",.0,"8"
"252230120","BIA£OWIE¯A","2023","12","25",4.5,"",78.8,"",6.7,"",.0,"8"
"252230120","BIA£OWIE¯A","2023","12","26",3.7,"",86.0,"",3.0,"",.0,"8"
"252230120","BIA£OWIE¯A","2023","12","27",3.7,"",79.0,"",5.0,"",.0,"8"
"252230120","BIA£OWIE¯A","2023","12","28",1.5,"",91.5,"",2.7,"",.0,"8"
"252230120","BIA£OWIE¯A","2023","12","29",4.5,"",90.5,"",3.7,"",.0,"8"
"252230120","BIA£OWIE¯A","2023","12","30",5.2,"",89.5,"",4.0,"",.0,"8"
"252230120","BIA£OWIE¯A","2023","12","31",.6,"",88.0,"",2.3,"",.0,"8"
"253140060","GOLENIÓW","2023","12","01",-3.8,"",.0,"8",2.0,"",7.0,""
"253140060","GOLENIÓW","2023","12","02",-4.8,"",.0,"8",2.3,"",8.0,""
"253140060","GOLENIÓW","2023","12","03",-2.6,"",.0,"8",2.7,"",7.7,""
"253140060","GOLENIÓW","2023","12","04",-3.0,"",.0,"8",4.0,"",7.7,""
"253140060","GOLENIÓW","2023","12","05",-2.7,"",.0,"8",5.0,"",5.0,""
"253140060","GOLENIÓW","2023","12","06",-2.4,"",.0,"8",4.0,"",8.0,""
"253140060","GOLENIÓW","2023","12","07",-1.1,"",.0,"8",2.7,"",8.0,""
"253140060","GOLENIÓW","2023","12","08",.4,"",.0,"8",5.3,"",8.0,""
"253140060","GOLENIÓW","2023","12","09",.8,"",.0,"8",3.3,"",8.0,""
"253140060","GOLENIÓW","2023","12","10",2.7,"",.0,"8",5.0,"",8.0,""
"253140060","GOLENIÓW","2023","12","11",5.4,"",.0,"8",2.0,"",8.0,""
"253140060","GOLENIÓW","2023","12","12",3.4,"",.0,"8",2.0,"",8.0,""
"253140060","GOLENIÓW","2023","12","13",2.9,"",.0,"8",2.0,"",8.0,""
"253140060","GOLENIÓW","2023","12","14",1.4,"",.0,"8",2.0,"",6.7,""
"253140060","GOLENIÓW","2023","12","15",2.4,"",.0,"8",3.3,"",7.3,""
"253140060","GOLENIÓW","2023","12","16",6.1,"",.0,"8",3.0,"",7.0,""
"253140060","GOLENIÓW","2023","12","17",8.4,"",.0,"8",4.3,"",5.7,""
"253140060","GOLENIÓW","2023","12","18",7.2,"",.0,"8",3.7,"",8.0,""
"253140060","GOLENIÓW","2023","12","19",6.6,"",.0,"8",4.0,"",8.0,""
"253140060","GOLENIÓW","2023","12","20",4.6,"",.0,"8",2.3,"",6.0,""
"253140060","GOLENIÓW","2023","12","21",4.9,"",.0,"8",5.3,"",7.7,""
"253140060","GOLENIÓW","2023","12","22",3.4,"",.0,"8",13.7,"",6.0,""
"253140060","GOLENIÓW","2023","12","23",2.2,"",.0,"8",9.0,"",5.0,""
"253140060","GOLENIÓW","2023","12","24",5.0,"",.0,"8",4.3,"",8.0,""
"253140060","GOLENIÓW","2023","12","25",8.1,"",.0,"8",8.0,"",4.7,""
"253140060","GOLENIÓW","2023","12","26",6.8,"",.0,"8",4.7,"",7.0,""
"253140060","GOLENIÓW","2023","12","27",2.1,"",.0,"8",4.3,"",3.7,""
"253140060","GOLENIÓW","2023","12","28",6.5,"",.0,"8",6.0,"",6.0,""
"253140060","GOLENIÓW","2023","12","29",7.9,"",.0,"8",4.7,"",5.3,""
"253140060","GOLENIÓW","2023","12","30",5.3,"",.0,"8",4.0,"",7.3,""
"253140060","GOLENIÓW","2023","12","31",3.4,"",.0,"8",5.3,"",5.7,""
"253170210","CHRZ¥STOWO","2023","12","01",-7.3,"",.0,"8",.0,"8",6.3,""
"253170210","CHRZ¥STOWO","2023","12","02",-2.2,"",.0,"8",.0,"8",8.0,""
"253170210","CHRZ¥STOWO","2023","12","03",-1.6,"",.0,"8",.0,"8",8.0,""
"253170210","CHRZ¥STOWO","2023","12","04",-4.2,"",.0,"8",.0,"8",5.3,""
"253170210","CHRZ¥STOWO","2023","12","05",-6.4,"",.0,"8",.0,"8",3.3,""
"253170210","CHRZ¥STOWO","2023","12","06",-3.9,"",.0,"8",.0,"8",8.0,""
"253170210","CHRZ¥STOWO","2023","12","07",-2.0,"",.0,"8",.0,"8",8.0,""
"253170210","CHRZ¥STOWO","2023","12","08",-1.4,"",.0,"8",.0,"8",8.0,""
"253170210","CHRZ¥STOWO","2023","12","09",-.9,"",.0,"8",.0,"8",8.0,""
"253170210","CHRZ¥STOWO","2023","12","10",.1,"",.0,"8",.0,"8",8.0,""
"253170210","CHRZ¥STOWO","2023","12","11",3.6,"",.0,"8",.0,"8",8.0,""
"253170210","CHRZ¥STOWO","2023","12","12",2.6,"",.0,"8",.0,"8",8.0,""
"253170210","CHRZ¥STOWO","2023","12","13",2.3,"",.0,"8",.0,"8",8.0,""
"253170210","CHRZ¥STOWO","2023","12","14",1.3,"",.0,"8",.0,"8",7.0,""
"253170210","CHRZ¥STOWO","2023","12","15",1.5,"",.0,"8",.0,"8",8.0,""
"253170210","CHRZ¥STOWO","2023","12","16",4.8,"",.0,"8",.0,"8",8.0,""
"253170210","CHRZ¥STOWO","2023","12","17",7.6,"",.0,"8",.0,"8",8.0,""
"253170210","CHRZ¥STOWO","2023","12","18",6.2,"",.0,"8",.0,"8",8.0,""
"253170210","CHRZ¥STOWO","2023","12","19",5.5,"",.0,"8",.0,"8",8.0,""
"253170210","CHRZ¥STOWO","2023","12","20",4.2,"",.0,"8",.0,"8",6.0,""
"253170210","CHRZ¥STOWO","2023","12","21",5.0,"",.0,"8",.0,"8",8.0,""
"253170210","CHRZ¥STOWO","2023","12","22",3.1,"",.0,"8",.0,"8",6.3,""
"253170210","CHRZ¥STOWO","2023","12","23",.7,"",.0,"8",.0,"8",5.3,""
"253170210","CHRZ¥STOWO","2023","12","24",1.2,"",.0,"8",.0,"8",8.0,""
"253170210","CHRZ¥STOWO","2023","12","25",6.7,"",.0,"8",.0,"8",5.7,""
"253170210","CHRZ¥STOWO","2023","12","26",6.3,"",.0,"8",.0,"8",6.3,""
"253170210","CHRZ¥STOWO","2023","12","27",2.6,"",.0,"8",.0,"8",4.0,""
"253170210","CHRZ¥STOWO","2023","12","28",3.6,"",.0,"8",.0,"8",6.0,""
"253170210","CHRZ¥STOWO","2023","12","29",6.0,"",.0,"8",.0,"8",6.7,""
"253170210","CHRZ¥STOWO","2023","12","30",4.7,"",.0,"8",.0,"8",7.3,""
"253170210","CHRZ¥STOWO","2023","12","31",1.5,"",.0,"8",.0,"8",5.3,""
"253220070","BIEBRZA-PIEÑCZYKÓWEK","2023","12","01",-5.0,"",96.5,"",2.7,"",7.0,""
"253220070","BIEBRZA-PIEÑCZYKÓWEK","2023","12","02",-3.0,"",97.8,"",.3,"",7.3,""
"253220070","BIEBRZA-PIEÑCZYKÓWEK","2023","12","03",-3.5,"",97.3,"",2.7,"",4.7,""
"253220070","BIEBRZA-PIEÑCZYKÓWEK","2023","12","04",-2.9,"",89.0,"",3.7,"",7.3,""
"253220070","BIEBRZA-PIEÑCZYKÓWEK","2023","12","05",-5.0,"",85.5,"",1.0,"",3.3,""
"253220070","BIEBRZA-PIEÑCZYKÓWEK","2023","12","06",-5.6,"",92.3,"",4.0,"",8.0,""
"253220070","BIEBRZA-PIEÑCZYKÓWEK","2023","12","07",-3.4,"",92.5,"",4.0,"",8.0,""
"253220070","BIEBRZA-PIEÑCZYKÓWEK","2023","12","08",-5.6,"",90.3,"",3.0,"",8.0,""
"253220070","BIEBRZA-PIEÑCZYKÓWEK","2023","12","09",-4.9,"",95.5,"",3.0,"",6.3,""
"253220070","BIEBRZA-PIEÑCZYKÓWEK","2023","12","10",-3.0,"",97.0,"",3.7,"",5.7,""
"253220070","BIEBRZA-PIEÑCZYKÓWEK","2023","12","11",.4,"",98.8,"",3.7,"",8.0,""
"253220070","BIEBRZA-PIEÑCZYKÓWEK","2023","12","12",1.2,"",99.3,"",1.3,"",7.0,""
"253220070","BIEBRZA-PIEÑCZYKÓWEK","2023","12","13",.7,"",98.0,"",2.0,"",8.0,""
"253220070","BIEBRZA-PIEÑCZYKÓWEK","2023","12","14",.7,"",98.3,"",3.0,"",7.7,""
"253220070","BIEBRZA-PIEÑCZYKÓWEK","2023","12","15",-.9,"",94.3,"",2.3,"",8.0,""
"253220070","BIEBRZA-PIEÑCZYKÓWEK","2023","12","16",3.8,"",96.0,"",4.7,"",7.3,""
"253220070","BIEBRZA-PIEÑCZYKÓWEK","2023","12","17",6.8,"",95.3,"",5.0,"",8.0,""
"253220070","BIEBRZA-PIEÑCZYKÓWEK","2023","12","18",6.8,"",98.5,"",4.0,"",8.0,""
"253220070","BIEBRZA-PIEÑCZYKÓWEK","2023","12","19",5.4,"",96.8,"",4.7,"",8.0,""
"253220070","BIEBRZA-PIEÑCZYKÓWEK","2023","12","20",4.4,"",96.3,"",3.3,"",6.3,""
"253220070","BIEBRZA-PIEÑCZYKÓWEK","2023","12","21",2.5,"",92.8,"",4.3,"",8.0,""
"253220070","BIEBRZA-PIEÑCZYKÓWEK","2023","12","22",2.3,"",81.5,"",6.0,"",8.0,""
"253220070","BIEBRZA-PIEÑCZYKÓWEK","2023","12","23",.0,"",80.5,"",7.0,"",8.0,""
"253220070","BIEBRZA-PIEÑCZYKÓWEK","2023","12","24",-.3,"",82.0,"",3.3,"",8.0,""
"253220070","BIEBRZA-PIEÑCZYKÓWEK","2023","12","25",4.9,"",75.5,"",7.0,"",7.0,""
"253220070","BIEBRZA-PIEÑCZYKÓWEK","2023","12","26",3.6,"",91.5,"",4.3,"",8.0,""
"253220070","BIEBRZA-PIEÑCZYKÓWEK","2023","12","27",2.9,"",87.8,"",5.7,"",5.3,""
"253220070","BIEBRZA-PIEÑCZYKÓWEK","2023","12","28",1.2,"",95.0,"",3.0,"",6.7,""
"253220070","BIEBRZA-PIEÑCZYKÓWEK","2023","12","29",5.1,"",85.3,"",4.3,"",4.7,""
"253220070","BIEBRZA-PIEÑCZYKÓWEK","2023","12","30",4.5,"",90.5,"",4.3,"",7.0,""
"253220070","BIEBRZA-PIEÑCZYKÓWEK","2023","12","31",1.7,"",93.0,"",2.0,"",7.0,""
"253220330","MARIANOWO II","2023","12","01",-5.6,"",91.0,"",2.3,"",.0,"8"
"253220330","MARIANOWO II","2023","12","02",-3.9,"",96.8,"",2.0,"",.0,"8"
"253220330","MARIANOWO II","2023","12","03",-3.2,"",92.8,"",3.0,"",.0,"8"
"253220330","MARIANOWO II","2023","12","04",-3.5,"",88.8,"",2.7,"",.0,"8"
"253220330","MARIANOWO II","2023","12","05",-6.3,"",89.8,"",3.0,"",.0,"8"
"253220330","MARIANOWO II","2023","12","06",-5.0,"",90.8,"",3.7,"",.0,"8"
"253220330","MARIANOWO II","2023","12","07",-3.0,"",90.3,"",4.3,"",.0,"8"
"253220330","MARIANOWO II","2023","12","08",-5.6,"",88.3,"",2.7,"",.0,"8"
"253220330","MARIANOWO II","2023","12","09",-5.1,"",92.8,"",2.7,"",.0,"8"
"253220330","MARIANOWO II","2023","12","10",-3.1,"",93.8,"",3.0,"",.0,"8"
"253220330","MARIANOWO II","2023","12","11",1.2,"",95.8,"",3.0,"",.0,"8"
"253220330","MARIANOWO II","2023","12","12",2.2,"",97.5,"",1.7,"",.0,"8"
"253220330","MARIANOWO II","2023","12","13",1.3,"",99.0,"",2.7,"",.0,"8"
"253220330","MARIANOWO II","2023","12","14",.8,"",98.0,"",2.7,"",.0,"8"
"253220330","MARIANOWO II","2023","12","15",-.5,"",98.0,"",1.3,"",.0,"8"
"253220330","MARIANOWO II","2023","12","16",3.1,"",91.8,"",4.0,"",.0,"8"
"253220330","MARIANOWO II","2023","12","17",6.5,"",92.8,"",5.3,"",.0,"8"
"253220330","MARIANOWO II","2023","12","18",6.4,"",94.5,"",4.3,"",.0,"8"
"253220330","MARIANOWO II","2023","12","19",5.2,"",95.5,"",3.0,"",.0,"8"
"253220330","MARIANOWO II","2023","12","20",4.5,"",93.5,"",3.0,"",.0,"8"
"253220330","MARIANOWO II","2023","12","21",2.6,"",94.5,"",4.3,"",.0,"8"
"253220330","MARIANOWO II","2023","12","22",2.2,"",81.8,"",5.7,"",.0,"8"
"253220330","MARIANOWO II","2023","12","23",-.6,"",88.3,"",7.0,"",.0,"8"
"253220330","MARIANOWO II","2023","12","24",-.2,"",85.8,"",3.7,"",.0,"8"
"253220330","MARIANOWO II","2023","12","25",5.2,"",75.3,"",6.0,"",.0,"8"
"253220330","MARIANOWO II","2023","12","26",5.0,"",82.5,"",5.3,"",.0,"8"
"253220330","MARIANOWO II","2023","12","27",3.1,"",81.3,"",5.7,"",.0,"8"
"253220330","MARIANOWO II","2023","12","28",1.9,"",89.0,"",3.3,"",.0,"8"
"253220330","MARIANOWO II","2023","12","29",4.9,"",85.0,"",4.3,"",.0,"8"
"253220330","MARIANOWO II","2023","12","30",5.6,"",84.3,"",5.0,"",.0,"8"
"253220330","MARIANOWO II","2023","12","31",2.1,"",89.3,"",2.3,"",.0,"8"
"253230020","RÓ¯ANYSTOK","2023","12","01",-5.3,"",.0,"8",.0,"8",.0,"8"
"253230020","RÓ¯ANYSTOK","2023","12","02",-3.6,"",.0,"8",.0,"8",.0,"8"
"253230020","RÓ¯ANYSTOK","2023","12","03",-3.4,"",.0,"8",.0,"8",.0,"8"
"253230020","RÓ¯ANYSTOK","2023","12","04",-3.5,"",.0,"8",.0,"8",.0,"8"
"253230020","RÓ¯ANYSTOK","2023","12","05",-5.4,"",.0,"8",.0,"8",.0,"8"
"253230020","RÓ¯ANYSTOK","2023","12","06",-6.0,"",.0,"8",.0,"8",.0,"8"
"253230020","RÓ¯ANYSTOK","2023","12","07",-4.1,"",.0,"8",.0,"8",.0,"8"
"253230020","RÓ¯ANYSTOK","2023","12","08",-5.9,"",.0,"8",.0,"8",.0,"8"
"253230020","RÓ¯ANYSTOK","2023","12","09",-5.2,"",.0,"8",.0,"8",.0,"8"
"253230020","RÓ¯ANYSTOK","2023","12","10",-3.6,"",.0,"8",.0,"8",.0,"8"
"253230020","RÓ¯ANYSTOK","2023","12","11",-.8,"",.0,"8",.0,"8",.0,"8"
"253230020","RÓ¯ANYSTOK","2023","12","12",1.3,"",.0,"8",.0,"8",.0,"8"
"253230020","RÓ¯ANYSTOK","2023","12","13",.8,"",.0,"8",.0,"8",.0,"8"
"253230020","RÓ¯ANYSTOK","2023","12","14",.4,"",.0,"8",.0,"8",.0,"8"
"253230020","RÓ¯ANYSTOK","2023","12","15",-1.1,"",.0,"8",.0,"8",.0,"8"
"253230020","RÓ¯ANYSTOK","2023","12","16",2.7,"",.0,"8",.0,"8",.0,"8"
"253230020","RÓ¯ANYSTOK","2023","12","17",6.3,"",.0,"8",.0,"8",.0,"8"
"253230020","RÓ¯ANYSTOK","2023","12","18",6.7,"",.0,"8",.0,"8",.0,"8"
"253230020","RÓ¯ANYSTOK","2023","12","19",5.5,"",.0,"8",.0,"8",.0,"8"
"253230020","RÓ¯ANYSTOK","2023","12","20",4.2,"",.0,"8",.0,"8",.0,"8"
"253230020","RÓ¯ANYSTOK","2023","12","21",2.6,"",.0,"8",.0,"8",.0,"8"
"253230020","RÓ¯ANYSTOK","2023","12","22",2.1,"",.0,"8",.0,"8",.0,"8"
"253230020","RÓ¯ANYSTOK","2023","12","23",-.1,"",.0,"8",.0,"8",.0,"8"
"253230020","RÓ¯ANYSTOK","2023","12","24",-.5,"",.0,"8",.0,"8",.0,"8"
"253230020","RÓ¯ANYSTOK","2023","12","25",5.0,"",.0,"8",.0,"8",.0,"8"
"253230020","RÓ¯ANYSTOK","2023","12","26",4.4,"",.0,"8",.0,"8",.0,"8"
"253230020","RÓ¯ANYSTOK","2023","12","27",2.3,"",.0,"8",.0,"8",.0,"8"
"253230020","RÓ¯ANYSTOK","2023","12","28",1.2,"",.0,"8",.0,"8",.0,"8"
"253230020","RÓ¯ANYSTOK","2023","12","29",4.8,"",.0,"8",.0,"8",.0,"8"
"253230020","RÓ¯ANYSTOK","2023","12","30",5.0,"",.0,"8",.0,"8",.0,"8"
"253230020","RÓ¯ANYSTOK","2023","12","31",2.2,"",.0,"8",.0,"8",.0,"8"
"254180090","GDAÑSK-RÊBIECHOWO","2023","12","01",-3.0,"",.0,"8",3.7,"",5.7,""
"254180090","GDAÑSK-RÊBIECHOWO","2023","12","02",-1.7,"",.0,"8",1.3,"",6.7,""
"254180090","GDAÑSK-RÊBIECHOWO","2023","12","03",-2.1,"",.0,"8",3.7,"",7.0,""
"254180090","GDAÑSK-RÊBIECHOWO","2023","12","04",-4.1,"",.0,"8",3.0,"",5.3,""
"254180090","GDAÑSK-RÊBIECHOWO","2023","12","05",-7.0,"",.0,"8",3.3,"",2.0,""
"254180090","GDAÑSK-RÊBIECHOWO","2023","12","06",-5.6,"",.0,"8",5.0,"",8.0,""
"254180090","GDAÑSK-RÊBIECHOWO","2023","12","07",-2.6,"",.0,"8",2.3,"",8.0,""
"254180090","GDAÑSK-RÊBIECHOWO","2023","12","08",-3.2,"",.0,"8",3.7,"",8.0,""
"254180090","GDAÑSK-RÊBIECHOWO","2023","12","09",-2.9,"",.0,"8",3.0,"",8.0,""
"254180090","GDAÑSK-RÊBIECHOWO","2023","12","10",-.9,"",.0,"8",3.3,"",8.0,""
"254180090","GDAÑSK-RÊBIECHOWO","2023","12","11",1.2,"",.0,"8",.3,"",7.7,""
"254180090","GDAÑSK-RÊBIECHOWO","2023","12","12",1.4,"",.0,"8",1.7,"",8.0,""
"254180090","GDAÑSK-RÊBIECHOWO","2023","12","13",1.3,"",.0,"8",2.7,"",7.0,""
"254180090","GDAÑSK-RÊBIECHOWO","2023","12","14",1.4,"",.0,"8",2.3,"",7.0,""
"254180090","GDAÑSK-RÊBIECHOWO","2023","12","15",1.4,"",.0,"8",4.0,"",7.7,""
"254180090","GDAÑSK-RÊBIECHOWO","2023","12","16",4.9,"",.0,"8",7.3,"",7.3,""
"254180090","GDAÑSK-RÊBIECHOWO","2023","12","17",7.5,"",.0,"8",7.3,"",7.7,""
"254180090","GDAÑSK-RÊBIECHOWO","2023","12","18",7.3,"",.0,"8",6.0,"",7.0,""
"254180090","GDAÑSK-RÊBIECHOWO","2023","12","19",6.5,"",.0,"8",4.3,"",7.3,""
"254180090","GDAÑSK-RÊBIECHOWO","2023","12","20",3.5,"",.0,"8",5.0,"",6.7,""
"254180090","GDAÑSK-RÊBIECHOWO","2023","12","21",3.5,"",.0,"8",6.0,"",8.0,""
"254180090","GDAÑSK-RÊBIECHOWO","2023","12","22",1.5,"",.0,"8",9.3,"",7.7,""
"254180090","GDAÑSK-RÊBIECHOWO","2023","12","23",-.1,"",.0,"8",9.7,"",4.7,""
"254180090","GDAÑSK-RÊBIECHOWO","2023","12","24",-.6,"",.0,"8",3.3,"",7.7,""
"254180090","GDAÑSK-RÊBIECHOWO","2023","12","25",5.3,"",.0,"8",13.7,"",6.3,""
"254180090","GDAÑSK-RÊBIECHOWO","2023","12","26",4.0,"",.0,"8",5.0,"",7.7,""
"254180090","GDAÑSK-RÊBIECHOWO","2023","12","27",2.5,"",.0,"8",7.0,"",5.3,""
"254180090","GDAÑSK-RÊBIECHOWO","2023","12","28",3.7,"",.0,"8",4.7,"",6.7,""
"254180090","GDAÑSK-RÊBIECHOWO","2023","12","29",6.1,"",.0,"8",7.7,"",5.3,""
"254180090","GDAÑSK-RÊBIECHOWO","2023","12","30",4.1,"",.0,"8",5.0,"",5.0,""
"254180090","GDAÑSK-RÊBIECHOWO","2023","12","31",1.8,"",.0,"8",3.3,"",7.7,""
"254200080","LIDZBARK WARMIÑSKI","2023","12","01",-4.0,"",73.5,"",3.3,"",6.0,""
"254200080","LIDZBARK WARMIÑSKI","2023","12","02",-2.1,"",84.3,"",1.0,"",8.0,""
"254200080","LIDZBARK WARMIÑSKI","2023","12","03",-1.9,"",86.3,"",2.3,"",6.3,""
"254200080","LIDZBARK WARMIÑSKI","2023","12","04",-2.2,"",82.8,"",3.3,"",5.3,""
"254200080","LIDZBARK WARMIÑSKI","2023","12","05",-4.5,"",89.8,"",1.0,"",4.3,""
"254200080","LIDZBARK WARMIÑSKI","2023","12","06",-5.3,"",85.5,"",1.7,"",8.0,""
"254200080","LIDZBARK WARMIÑSKI","2023","12","07",-1.6,"",87.5,"",1.3,"",8.0,""
"254200080","LIDZBARK WARMIÑSKI","2023","12","08",-3.8,"",79.0,"",2.7,"",8.0,""
"254200080","LIDZBARK WARMIÑSKI","2023","12","09",-3.8,"",75.3,"",2.0,"",8.0,""
"254200080","LIDZBARK WARMIÑSKI","2023","12","10",-1.3,"",90.3,"",2.3,"",8.0,""
"254200080","LIDZBARK WARMIÑSKI","2023","12","11",1.0,"",95.5,"",2.3,"",8.0,""
"254200080","LIDZBARK WARMIÑSKI","2023","12","12",1.6,"",97.0,"",1.7,"",8.0,""
"254200080","LIDZBARK WARMIÑSKI","2023","12","13",1.2,"",96.8,"",.7,"",6.7,""
"254200080","LIDZBARK WARMIÑSKI","2023","12","14",-.7,"",90.8,"",2.3,"",6.0,""
"254200080","LIDZBARK WARMIÑSKI","2023","12","15",.5,"",90.5,"",2.0,"",8.0,""
"254200080","LIDZBARK WARMIÑSKI","2023","12","16",4.7,"",88.8,"",4.0,"",8.0,""
"254200080","LIDZBARK WARMIÑSKI","2023","12","17",7.2,"",94.5,"",3.0,"",8.0,""
"254200080","LIDZBARK WARMIÑSKI","2023","12","18",7.3,"",98.0,"",.0,"",8.0,""
"254200080","LIDZBARK WARMIÑSKI","2023","12","19",6.6,"",92.3,"",.0,"",8.0,""
"254200080","LIDZBARK WARMIÑSKI","2023","12","20",4.1,"",93.5,"",3.0,"",6.0,""
"254200080","LIDZBARK WARMIÑSKI","2023","12","21",3.9,"",90.0,"",3.0,"",7.3,""
"254200080","LIDZBARK WARMIÑSKI","2023","12","22",2.4,"",93.3,"",5.7,"",8.0,""
"254200080","LIDZBARK WARMIÑSKI","2023","12","23",.0,"",92.0,"",5.0,"",8.0,""
"254200080","LIDZBARK WARMIÑSKI","2023","12","24",-.2,"",88.5,"",3.3,"",8.0,""
"254200080","LIDZBARK WARMIÑSKI","2023","12","25",5.3,"",82.5,"",.0,"",7.0,""
"254200080","LIDZBARK WARMIÑSKI","2023","12","26",4.6,"",89.8,"",2.7,"",8.0,""
"254200080","LIDZBARK WARMIÑSKI","2023","12","27",3.0,"",84.3,"",3.7,"",6.3,""
"254200080","LIDZBARK WARMIÑSKI","2023","12","28",2.7,"",88.5,"",3.7,"",5.7,""
"254200080","LIDZBARK WARMIÑSKI","2023","12","29",6.5,"",80.3,"",3.3,"",8.0,""
"254200080","LIDZBARK WARMIÑSKI","2023","12","30",5.3,"",90.8,"",3.0,"",7.3,""
"254200080","LIDZBARK WARMIÑSKI","2023","12","31",1.5,"",95.0,"",1.3,"",8.0,""
"254220090","OLECKO","2023","12","01",-3.7,"",.0,"8",.0,"8",8.0,""
"254220090","OLECKO","2023","12","02",-2.5,"",.0,"8",.0,"8",8.0,""
"254220090","OLECKO","2023","12","03",-3.3,"",.0,"8",.0,"8",8.0,""
"254220090","OLECKO","2023","12","04",-2.8,"",.0,"8",.0,"8",8.0,""
"254220090","OLECKO","2023","12","05",-4.1,"",.0,"8",.0,"8",5.0,""
"254220090","OLECKO","2023","12","06",-5.4,"",.0,"8",.0,"8",8.0,""
"254220090","OLECKO","2023","12","07",-3.5,"",.0,"8",.0,"8",8.0,""
"254220090","OLECKO","2023","12","08",-5.6,"",.0,"8",.0,"8",8.0,""
"254220090","OLECKO","2023","12","09",-5.0,"",.0,"8",.0,"8",8.0,""
"254220090","OLECKO","2023","12","10",-3.1,"",.0,"8",.0,"8",8.0,""
"254220090","OLECKO","2023","12","11",-.2,"",.0,"8",.0,"8",8.0,""
"254220090","OLECKO","2023","12","12",1.0,"",.0,"8",.0,"8",8.0,""
"254220090","OLECKO","2023","12","13",.4,"",.0,"8",.0,"8",8.0,""
"254220090","OLECKO","2023","12","14",-.2,"",.0,"8",.0,"8",8.0,""
"254220090","OLECKO","2023","12","15",-1.1,"",.0,"8",.0,"8",8.0,""
"254220090","OLECKO","2023","12","16",3.1,"",.0,"8",.0,"8",8.0,""
"254220090","OLECKO","2023","12","17",6.2,"",.0,"8",.0,"8",8.0,""
"254220090","OLECKO","2023","12","18",6.6,"",.0,"8",.0,"8",8.0,""
"254220090","OLECKO","2023","12","19",5.7,"",.0,"8",.0,"8",8.0,""
"254220090","OLECKO","2023","12","20",3.6,"",.0,"8",.0,"8",8.0,""
"254220090","OLECKO","2023","12","21",2.3,"",.0,"8",.0,"8",8.0,""
"254220090","OLECKO","2023","12","22",1.8,"",.0,"8",.0,"8",8.0,""
"254220090","OLECKO","2023","12","23",-.5,"",.0,"8",.0,"8",8.0,""
"254220090","OLECKO","2023","12","24",-.9,"",.0,"8",.0,"8",8.0,""
"254220090","OLECKO","2023","12","25",4.2,"",.0,"8",.0,"8",8.0,""
"254220090","OLECKO","2023","12","26",3.8,"",.0,"8",.0,"8",8.0,""
"254220090","OLECKO","2023","12","27",2.1,"",.0,"8",.0,"8",8.0,""
"254220090","OLECKO","2023","12","28",1.4,"",.0,"8",.0,"8",8.0,""
"254220090","OLECKO","2023","12","29",4.5,"",.0,"8",.0,"8",8.0,""
"254220090","OLECKO","2023","12","30",4.5,"",.0,"8",.0,"8",8.0,""
"254220090","OLECKO","2023","12","31",1.7,"",.0,"8",.0,"8",8.0,""
